,Employee_Id,Employee_Name,Manager_Id,City,State,Country,Salary,Post_Code,Phone_Number,Department_Id,Joining_Date
0,HGCOKQ,Lisa Valenzuela,K2J980363S,East Bradley,Utah,DE,7693.25,80769,+1-951-729-6028x948,17,
1,S473RZ,Mckenzie Simmons,M54HPSSZ20,Melindahaven,Tennessee,FR,1326.56,59154,272-820-5638,16,
2,B6O4N4,Mario Brown,C0FAEY147O,Carterburgh,Maine,NL,6562.29,83720,763-924-4213x6101,16,
3,IJDQHX,Elizabeth Stevens,8T9LDDR6K4,North Rebeccaview,Minnesota,IT,4098.64,83976,610-248-7652x012,17,
4,B61XJW,Donald Fletcher,S1M6U6SQC2,North Joshuamouth,Virginia,IT,1596.13,91873,4822383136,15,
5,8M0J68,Tammy Martinez,2PJGK4DYKI,Katherinemouth,Wyoming,NL,6790.36,71460,0465448614,17,
6,KQJ176,Abigail Mendoza,PLN6UH5BDW,West Amandabury,Kansas,IT,6758.37,57088,001-243-067-8405x5822,15,
7,SERAXH,Kyle Merritt,AWUSNY4PQ7,East Matthew,California,FR,8615.07,49531,4899578862,16,
8,WFUQCW,James James,P0ESJZJ7VL,Sethborough,Indiana,IT,1631.84,41070,(951)845-3341,15,
9,O9K7Y1,Kristi Gomez,KGEGKF7KRH,Markland,Tennessee,DE,5926.49,16953,907.642.6063,17,
10,9T7ZVC,Ernest Kent,EXE6TIUMXB,Johnchester,Massachusetts,IT,3398.37,83677,001-988-542-5099x0369,14,
11,DKIFMU,Greg Taylor,Y6OH1GULIH,Robertville,Montana,DE,8969.98,86642,009-367-1445,15,
12,WY7QRU,Sergio Bryant,2VIODTZS40,Lorimouth,Michigan,DE,9863.07,28517,001-762-246-0345,14,
13,RJ1F2K,Bobby Lee,DB3H6RKVFT,Guerrerotown,New Mexico,NL,3333.62,15594,001-332-503-5821x407,17,
14,QPJ8JA,Nancy Scott,Z5VZ7OXGEA,Lake Dianatown,Texas,IT,2389.88,43045,001-698-115-4896x414,16,
15,9ES3EK,Colin Smith,93XXDJJUH5,South James,Oklahoma,FR,3720.73,78228,680-919-3741,15,
16,R3LXH9,Alexis Davis,ZO5286DEJ1,Goodmanmouth,Utah,IT,4214.94,15839,3412296712,15,
17,GL0F3O,Nicole Jones,Z59WMJ4E3V,East Emilychester,Pennsylvania,NL,8526.95,49646,417.287.8839x2616,14,
18,ZMBUMU,Roberta Cohen,WN4Z7OVTU5,East Lisa,Illinois,NL,6039.33,12450,(918)673-9660x9067,16,
19,ITSKBA,Dylan Hayes,D4TT5ERTN1,Matthewton,Kentucky,US,6156.64,29523,(043)984-8183x42809,16,
20,OYUHCD,Michael Gilbert,TZ3P7GLAZ3,Amyview,Wisconsin,FR,3258.38,46370,001-280-264-2284x473,16,
21,TYZZUI,Scott Hernandez,R0T3LR7YR6,South Nicholasfort,Alabama,NL,929.08,40876,001-666-955-0016x22872,16,
22,OTHRW7,David Sloan,P1OEQBH7S7,Annport,Oklahoma,DE,6807.99,50829,001-747-216-6789x8521,16,
23,VCAJB3,Nicole Lane,HGMIC05T37,Stephenmouth,Oklahoma,FR,9323.36,04374,265-867-7538,15,
24,XKOS3Q,David Joseph,TD5OISV2IC,Jamesborough,Oklahoma,US,7972.93,87307,340.787.3052x3760,15,
25,089KQL,Paul Gonzalez,UNK48SHN1B,Lake Brandon,Michigan,NL,493.25,37691,7882285762,15,
26,C0IDDV,David Coleman,U6B3PKQVGW,Jamieburgh,Indiana,FR,2145.12,96566,001-124-451-1397,16,
27,BNRLIG,John Powell,GPIVFRNA0R,East Heatherbury,Hawaii,DE,8207.63,38922,001-353-416-5482x2134,15,
28,LFIPIW,Derrick Lynch,N11KYX17UH,Scottview,Alaska,FR,1885.22,75128,+1-444-229-9865x182,17,
29,GJVBU1,Melanie Montes,XDNHTIPS3X,Davidmouth,Massachusetts,IT,1701.91,00770,379-732-1040x60263,16,
30,IAHP65,Denise Stewart MD,7LYAYJYHO3,Port Joshuastad,Illinois,FR,8549.65,37219,+1-992-983-2576x813,15,
31,75TU5O,Shelby Ortiz,JICJ8P7ZO2,Lake Kenneth,Utah,US,9788.02,16108,001-942-921-3696,14,
32,B4CE9D,Ricardo Proctor,VOSM6XMHRM,North Jacqueline,New Jersey,FR,3160.72,99570,+1-825-935-4615,17,
33,TZGTUX,Dorothy Schaefer,YZPGDF0HIO,South Maxwell,Arkansas,NL,7632.06,75508,811.544.5871,14,
34,2NT62I,Jason Steele,ZUI51KV0NC,New Matthewbury,Nevada,DE,7943.44,40247,9137313207,15,
35,RPFIJE,Manuel Long,MN6GI2NMTN,West Jose,Oregon,IT,3404.03,86424,778.569.8979x9683,15,
36,KT61PJ,Sonya Goodman,U1GROC0EFT,East Brookeland,Michigan,US,406.59,81955,+1-164-867-3631,14,
37,6ZQ8P9,Taylor Dodson,W721DW4SWH,Donaldstad,Arkansas,NL,1820.31,98215,(407)371-6133x548,16,
38,R3XT8E,Julia Esparza,7NYVI7V2DZ,Anthonyland,Alaska,IT,3401.45,04301,625.379.9982x9437,17,
39,VAL30O,Michelle Collins,JWVY8CS1Z9,South Danielle,Nevada,NL,6894.99,01466,(272)644-3205x259,16,
40,NJWRY9,Daniel Murphy II,ATCMOZWV06,New Harold,Ohio,US,7995.85,08356,5068246220,17,
41,6X9JZG,Nicole Lopez,IB42REE6CQ,Emilybury,Illinois,DE,8502.77,82349,968.465.0323,15,
42,7XIV6F,Jonathan Hobbs,OTQUBCTOJN,Shawnland,California,DE,4073.18,04939,5246717225,14,
43,SUD2R2,Kayla Martin,2I1BUZZD1F,Lewismouth,Alabama,DE,6140.96,75182,+1-058-251-1159x07850,15,
44,1TI4AJ,Nathaniel Mendoza,YH46TN17Y7,East Jeffreyfort,Wisconsin,US,7400.12,76725,885.324.5869x24147,17,
45,I8IM0C,Heather Eaton,0893S7W6N9,Hortonport,Ohio,FR,5938.03,17584,001-910-664-8209x9606,14,
46,KR4QST,Anthony Sanchez,JPI9Q7RRPG,North Edward,Maryland,FR,7631.28,02669,5967437637,14,
47,4MG355,Steven Rojas,8A0YQOYTXA,Port Lindahaven,Massachusetts,NL,2382.3,04663,837-004-6418x2543,15,
48,D8DG4Z,Mary Walker,QTSHRJMG0A,Jaredtown,Connecticut,IT,9732.52,48207,693.744.8082,16,
49,DJYCSA,Pamela Townsend,HPAN4OACIM,West Teresaberg,North Carolina,IT,7881.28,56957,785-641-1060,16,
50,YJ3LWJ,Cory Frazier,5XJEXARZ5V,Baileyfort,South Dakota,NL,5207.39,16370,304.111.6092,15,
51,OD69HZ,Haley Sweeney,CD9P9XTN49,Maryburgh,Idaho,NL,5278.92,89456,233.121.2784,16,
52,SOPBCA,Donald Contreras,SNB85YSSGS,Obrienside,New Mexico,DE,6932.15,33839,+1-887-336-1628,16,
53,0ZF70Z,Susan Fuller,683MDP76A0,Lake Jennifer,Nevada,NL,6949.93,64762,+1-246-834-5269x4950,16,
54,SHPZLG,Daniel Fletcher,Z6EAKPVI1C,Anthonytown,Alaska,NL,6223.68,12461,(826)591-2946x180,16,
55,T1ND1M,Michael Russell,AZLWZOGD5O,East Teresa,Virginia,DE,2397.17,03324,514-568-6788,16,
56,NH3OPN,Rebekah Banks,9FEKBN1OEU,Andrewfurt,Kentucky,DE,5210.43,79131,(168)398-4913,16,
57,GNO5FJ,Scott Smith,Y7CA3YUGG2,Claireborough,Rhode Island,US,8560.2,64604,506-833-0734x9525,16,
58,VGVIML,Adam Lloyd,Z0QPC2YKZU,Rodriguezbury,Georgia,NL,7208.84,13315,461.784.6708,17,
59,QH4X93,Lori King,CBGLDX8HKC,South Melissa,New York,FR,8828.05,47956,893-600-9194,16,
60,5072T7,Kelly Rivera,J48S5BBAL1,Samanthaborough,Arizona,US,1466.34,09780,765.244.1006,17,
61,0SF88F,Lauren Wiley,OX3AS53HBZ,Collinsview,Pennsylvania,US,8536.24,56850,(037)834-7236x0952,14,
62,LFKJBN,Melissa Anderson,IFJEPRFZA7,East Kellyton,Wyoming,FR,3660.8,16769,944.543.4857,16,
63,3N4P7I,Javier Smith,ASFHAIBB15,Port Justin,Utah,NL,7149.29,81380,407.244.1451x179,17,
64,JHFU1W,Travis Brandt,LAQ5K4BWIS,North Tiffany,Wisconsin,DE,1337.27,21518,+1-789-623-7944x1729,16,
65,IXAAQR,Mrs. Cynthia Brown,V6VNCKK9S1,Bernardview,Indiana,IT,3971.62,01286,001-257-823-4933x043,14,
66,8HEJ6B,Dr. Stephanie Mendez,6LVKN8CKI6,Port Jamesville,Hawaii,NL,3447.64,58245,+1-095-954-4493x014,16,
67,9CH5XM,Gerald Patterson,SJS11MUMLO,Marcustown,Colorado,FR,6000.62,46993,+1-994-963-0610x0208,15,
68,5GHOJ7,Judy Martinez,WMK9F8JNU0,Amyton,Utah,FR,8557.76,52047,737-574-1723,14,
69,MPSU01,Brandon Williams,XHK1866EXZ,East James,Iowa,NL,3582.51,65051,231.594.0962,17,
70,ZHHLAI,Bailey Lyons,J44G7YAG8S,Wyattville,Hawaii,DE,7539.98,57930,513.987.4564,14,
71,YHSSMW,Courtney Schwartz,7L3REFGNOA,Donnamouth,Virginia,US,5706.7,76812,+1-132-867-5125x30164,14,
72,KMXOS3,James Cabrera,1T4G5ZIEP1,Port Barbarahaven,Wyoming,US,1937.47,57971,(282)532-8997x97823,16,
73,8PDAYA,Thomas White,PIN3CMKE76,Evansland,Washington,NL,8517.91,76434,576-537-9986x71372,14,
74,1OWB2H,Colleen Taylor,B6FUVQ7N55,Longfort,Wisconsin,FR,2115.53,14647,927.704.3470x6923,14,
75,9NZ0QZ,Kevin Murphy,DEM3IIUX73,New Judithville,Georgia,DE,5609.8,03737,305-692-8653x822,16,
76,LV2UTI,Richard Gilbert,01CPC54RXD,Ericstad,Arizona,NL,6552.8,12833,001-362-704-6726x1668,17,
77,JWVWQO,Yvette Austin,8C2VQBP6UT,Port Daniel,Alabama,IT,1977.18,79234,3229218540,15,
78,R3TSKY,Mariah Kennedy,26IE753HFU,Mitchellville,South Dakota,IT,8449.59,64127,+1-274-021-3342x3705,15,
79,8YG4I8,Lisa Burton,40M442BVSQ,Port Brian,New Mexico,FR,3951.4,29547,(105)146-7418x3004,14,
80,1CKB3A,Brandon Walker,6RJY71M1DV,Port Mirandabury,Minnesota,IT,5793.91,16989,935.961.7568x55307,14,
81,CSPJWF,Charles Jimenez,ACN34KCXMD,Gutierrezshire,Kentucky,US,1275.06,62208,001-005-735-3435x172,14,
82,IOEX9W,Christopher Rodriguez,IH8KNMC3YG,Underwoodmouth,Massachusetts,US,1515.42,89440,744-301-3305x9833,16,
83,XTNQGH,Douglas Daugherty,HOGXSEV1H9,Youngland,Montana,US,564.16,61854,001-015-000-5357x12199,17,
84,AO5AJQ,Donna Allison,OMYD0LEYZM,Melindafort,North Dakota,IT,1650.35,13678,870.644.1187x5851,14,
85,RZDEZD,Susan Wade,L4U9CDOVI7,East Stacy,Florida,DE,2574.97,54832,001-527-243-4835,17,
86,QHLWQ0,Stacey Ramirez,GPOGU5C8CT,Katiefort,Colorado,DE,8354.2,46222,+1-950-010-6173x14828,15,
87,4IFB2I,Jeffrey Cantu,4IS51QZI0R,Hamiltonport,Kansas,NL,2576.42,25958,837.377.0013,15,
88,F4P7T6,Edward Simpson,EI0RY7ELYW,East Nicoleshire,Montana,NL,5560.87,38489,001-964-434-1029x85169,17,
89,FOKNR6,Mary Farrell,4GXDW2KILA,Goodmanland,Washington,DE,2468.9,88186,567-284-9825x118,14,
90,ZT79TX,Daniel Joseph,3OO2NSCH5X,East Tylerfurt,Indiana,US,7198.84,21269,+1-563-696-1023x8741,16,
91,GSKAEZ,Alan Murray,WYRMSA9TIF,Jamesville,West Virginia,IT,8112.43,05113,+1-305-584-4276x2295,17,
92,DVDI43,Tyler Richards,SLD3TLBXYO,Lake Nicole,Rhode Island,NL,3599.49,18090,(935)426-5162x99577,17,
93,HFNBBL,Alicia Hall,HT1FQN939V,Jacksonville,Iowa,NL,1574.71,76818,8350235983,14,
94,IPXF2L,Holly King,OX565SOX1I,Kennethhaven,Maryland,US,1597.31,86861,001-883-812-5385x5010,17,
95,ZT3P5K,Jordan Williams,54LUV0S2NB,Michaelburgh,Alabama,US,9054.59,78156,+1-537-580-9819x01720,15,
96,XM3XYW,Christine Reynolds,784ZTHD42C,Lake Kathleen,Alabama,NL,3099.53,56045,(653)165-7889x952,15,
97,GUNWE7,Tricia Brown,K77HL17VN2,South Rebecca,Nebraska,DE,7326.28,27284,6995756959,16,
98,B3IBR9,Stacey Craig,F8P5ZVL1QH,New Martinton,Oregon,NL,5563.7,36084,+1-223-485-8692x137,16,
99,7B36LA,Timothy Meyer,6ZVHRBMEOU,Amberhaven,Maine,US,3068.08,07273,020-174-7997,15,
100,AEQY2W,Greg Johnson,LCFJ7U40FP,Laurenfurt,North Carolina,IT,2602.69,33580,(691)241-6873x30632,17,
101,JGUBEX,Jessica Benjamin,PJTO1PEVTT,Nicoletown,Alabama,DE,4116.42,44683,(546)788-6276x7826,14,
102,INOITC,Jennifer Nicholson,718NX6KJ9D,Bridgetborough,Tennessee,FR,4998.66,09716,553.787.3264x3280,14,
103,91B39A,Bethany Williams,O8HYERK7FC,North Jessicaville,Mississippi,FR,5974.01,22440,001-645-505-8992x8796,16,
104,NUL9G4,Victoria Ramsey,LVZMVQHNQS,Port Geraldview,Connecticut,DE,31.48,98203,252-515-4502,14,
105,D36N46,Scott Smith,IUFHQYH3FP,Ericshire,Nevada,FR,8426.04,25299,(814)824-4245x8349,17,
106,6LN7NA,Lorraine Kelley,KTSBL3MMS5,Christinaberg,Minnesota,FR,2595.2,08737,+1-670-068-4744x795,15,
107,QKPUP1,Ruth Rowe,URSY8PAF6Q,North Nicholas,Iowa,FR,6226.45,96059,1447454561,15,
108,YYNFFU,Adrian Levine,34AY13HVUO,Martinezborough,Rhode Island,NL,4586.84,30591,307-159-3373x585,16,
109,FNZELX,Vincent Wright,BAYDGFC5JN,Lake Shirley,New Mexico,FR,6533.78,40208,(997)819-1286x101,17,
110,P0GR79,Wesley Frye,W2YJYWDPAV,North Theresahaven,Kansas,NL,2472.88,86588,5568898968,14,
111,UQYB2M,Beverly Hines,UYVGLM6V21,East Josechester,Florida,NL,1889.8,81995,032-846-6838x69632,17,
112,L3VBP9,Connie Choi,BAZN26K0FR,Lake Bethton,South Carolina,IT,1243.73,62425,266-053-2737x63933,14,
113,PJH3CO,Lori Mills,IFWUZRB54B,Sampsonton,Kentucky,DE,6927.8,38600,+1-086-729-3540x5392,16,
114,7JHEOC,Danny Smith,IG85JK859W,New Stephanieburgh,Vermont,FR,1229.53,26875,412-348-8838,17,
115,1FQQNC,James Campbell,FUT48M2DB0,Justinbury,Pennsylvania,IT,5886.41,90650,001-491-066-5822x687,16,
116,6VWMZM,Michelle Burke,EYZI3EZDV9,Josephmouth,Pennsylvania,NL,8457.27,59457,743-120-0398x578,15,
117,3GQ5GP,Derek Jarvis,FB0XCX4TSZ,Lake Melissa,Nebraska,US,8279.51,28114,854-139-8756x112,14,
118,Z6QN5B,Lisa Riley,N5IVUKWH4T,Lake Gary,Michigan,NL,6291.22,27847,779.524.7292x169,16,
119,2SIKNO,Christopher Daniels,8FQ2X5FPEM,Carlsonshire,New Jersey,FR,9525.88,32435,942.273.9374x98280,14,
120,Q5PHTJ,Margaret Gonzales,4Q3YKQDF14,Carrollburgh,Nevada,DE,8464.74,21775,(302)749-0884x68259,14,
121,ZAHK6E,Dylan Gonzalez,KX25UK1Q9P,Davidhaven,Michigan,IT,824.74,11090,001-815-064-7027x793,14,
122,EHV3VC,Brittney Bird,30W4F1G8GD,Erinside,Maryland,DE,5227.37,98426,028.316.2643x8056,14,
123,YWFO59,Lori Lane,XDISEHFLCK,West Austinberg,Hawaii,DE,8292.41,78751,+1-631-973-5030x54166,16,
124,W1RUGH,Gregory Porter,2UQ8PROCPN,North Christy,Hawaii,FR,2360.87,05185,(085)194-5392x984,14,
125,S95I2T,Jillian Figueroa,TY5D02O8FH,North Ashleytown,Washington,IT,2271.64,36381,+1-708-401-6581,17,
126,DDR5YY,Christopher Kaufman,15MW13L2Z4,New Hunterville,Arizona,NL,6427.85,95416,001-591-721-1409x046,17,
127,02AD4I,Jason Johnson,W50VVSB755,Youngmouth,Alaska,FR,1272.58,06904,001-948-463-2153x5940,16,
128,Y3M9KN,Matthew Harris,XRA41C62O6,Hernandezshire,Florida,US,9814.26,78821,799.957.8016x384,17,
129,WTTTLG,Christopher Douglas,91UNOPXTHD,North Samantha,Oregon,US,126.42,52912,4095151095,14,
130,ZKFKQT,David Parks,HITFEFUPKB,Wernermouth,Oregon,FR,2290.65,96697,001-659-602-0674x90113,16,
131,95ZVR9,Tanya Campos,E7AS4RDJZO,Port Melissafurt,Washington,US,5312.1,01605,+1-908-064-2103x94456,16,
132,1GCDGK,Linda Cochran,XAOWAGM6XU,South Sandraport,Minnesota,FR,6795.05,39922,345.228.3211x448,15,
133,TYHNU8,Thomas Johnson,S4SKWNXTC8,South David,Texas,DE,1257.79,40593,+1-306-870-2769,14,
134,5U1TCP,David Nguyen,80VRXQP2PM,Rogershire,Arkansas,DE,9684.67,75284,(986)801-4441x15604,15,
135,DZ3ZZW,David Butler,3RQLXEPB0W,South Denise,Colorado,US,5897.05,59399,(070)799-3585x74795,16,
136,5YAU73,Stephanie Young,PAPRO2CPKI,Gilbertport,Hawaii,DE,5517.59,41480,(195)608-5909,14,
137,MVPKE9,Tyler Brown,DBW376VEBV,Port Gregoryland,Alaska,DE,6642.05,84668,872.820.7101x7349,16,
138,1V5IXI,Emma Lowe MD,GY21O48BUD,East Tammytown,Indiana,US,5728.35,38298,(182)482-6613,16,
139,EZRPAU,Julie Morales,ZHKOIW9SYM,Stephaniebury,Arizona,US,2060.44,49332,322.344.6779x7343,17,
140,RABVAO,James Lewis,HBRESILRB9,Port Stacey,Georgia,NL,9264.68,88932,087.129.0676x6323,16,
141,TRLFGG,Brendan Herrera,2425XEOYCI,Port Greggview,Illinois,IT,5011.63,31913,829-662-8518x555,16,
142,7QIEKH,Troy Knapp,21EZ5OM4WP,Rodriguezville,Pennsylvania,NL,3578.38,78419,227-154-7765,15,
143,INIOUG,Sarah Morris,NRSWVL0FY3,Kaitlynton,Massachusetts,IT,870.84,51431,001-272-912-1410x50722,16,
144,ZWOKW7,Travis Orozco,7JM21W1RNN,Laurieville,Illinois,DE,4531.68,54687,795-785-2698x7381,15,
145,P1HZ1E,James Adams,B24JJ3RQFM,Eatonbury,Hawaii,IT,3226.86,09987,(434)181-6446,15,
146,QW03GO,Jason Merritt,3C67NK3VSF,North Jason,Rhode Island,NL,3220.39,94291,057-753-6108,16,
147,PUCVIQ,Phillip Blake Jr.,IZ44G0GX70,North Keithchester,Kansas,NL,9727.09,50384,5989816388,15,
148,EIU6CD,Gregory Harrington,K8F9TCP5F0,South Cynthiamouth,Indiana,DE,6442.6,94318,(903)901-9990x450,15,
149,NN6G64,Michael Lawson,RD3422HOKS,North Denise,Rhode Island,US,3014.13,52318,+1-723-275-1297x79776,16,
150,NA7851,Taylor Rivera,70P4IOQSL8,Port Alejandraberg,Missouri,FR,2507.75,15335,+1-200-561-4222x4238,17,
151,QIVN0E,Thomas Cline,L9PS0Q7C2O,Mooreshire,Maryland,DE,4053.71,74691,605-960-1117,16,
152,38V2Z9,Shaun Hayes,T5INK8YC9S,Lake Ryan,Delaware,NL,4450.53,72339,001-077-705-6207x432,14,
153,04CSUD,Elizabeth Walker,440HVRWEM7,Kevinbury,South Dakota,NL,9424.51,88425,+1-098-908-6153,15,
154,BWZHTK,Lisa Ellis,1M4YSGYCUI,West Joe,Kentucky,US,3583.96,66176,434.433.4764x831,15,
155,Q52SBI,William Olson,WDJYERHB7N,Danielport,Idaho,NL,2521.34,25863,458-935-5624,17,
156,3QABTD,Vincent Mccoy,JZGGE6X395,Millerbury,Washington,FR,8960.37,42045,001-040-231-7907x72042,16,
157,4SM3GA,Kristen Pugh,S9W7J788RS,Deckerview,Hawaii,FR,4203.95,70379,+1-455-553-7560x455,16,
158,1O5LBT,Tracy Sawyer,PXXJPK3IFU,Trujillofort,North Carolina,NL,6510.95,02106,4013002022,17,
159,I7IJR5,Alejandro Price,XJK48C4L0R,Port John,Utah,NL,2049.54,51162,001-057-194-6410x43981,15,
160,UAHLH3,Regina Bass,ZQ34OH71I6,East Joshua,Missouri,FR,9133.27,34607,174-735-5522x8255,17,
161,T716RN,Lauren Brown,UGK53U2SB0,Hannaberg,Arkansas,US,7245.15,82759,285-550-1588x759,14,
162,AS96G4,Jennifer Allen,TON6RDTUP6,East Patriciaburgh,New York,DE,8723.56,43235,(143)595-2198x7645,17,
163,0H8SJ8,Jordan Johnston,804A539D7G,Gonzalezside,Washington,NL,7888.0,65461,+1-306-867-2941x6789,14,
164,9813U6,Thomas Jennings,0W5RP1K249,Lake Lindseyport,Vermont,US,5400.31,06511,152-764-4555x195,16,
165,230GIH,Jeremiah Wallace,I04WN331RF,New Mariaberg,North Dakota,NL,2043.91,70041,+1-556-088-2745x791,16,
166,Z17SAR,Julia Schneider,371HKFOYFH,Hoffmanton,North Carolina,IT,738.96,97189,001-384-309-3782x916,16,
167,4G1T9V,Rachel Davis,CX10FMH36I,East Robert,Texas,NL,396.37,74857,(809)441-4478x459,15,
168,C115XN,Christopher Collier,CCZ12ZU9HG,Rachelland,Utah,IT,5137.38,70948,(648)343-3580x20011,16,
169,L7UVTA,Melissa Vasquez,9BG49NVLFH,West Kaylee,Washington,FR,8283.22,68474,+1-587-148-9863x267,17,
170,CC007G,Brett Yang,FXA03N6853,Lopezville,Iowa,US,8428.75,46538,(991)462-1284,17,
171,DJRLYT,Kevin Washington,T39XV4I1RB,Lake Zoefurt,New Jersey,FR,3340.5,20837,642.672.9040,17,
172,1PB6DM,Casey Powers,EAZNXR943O,Lake James,Alaska,IT,2519.26,86078,+1-273-692-8524x840,14,
173,OFJEC5,Michael Guerra,0P1FDHSHXE,Sextonhaven,Connecticut,US,439.1,46215,484.386.1950x029,14,
174,W4INAH,Courtney Clark,BZFFA2LGU1,Port Tara,New Jersey,FR,3011.83,68461,370.931.0436,17,
175,SI6O8L,Stephanie Diaz,P9SE19RNWU,Brownfurt,Alabama,NL,8338.73,53264,446-933-9083,14,
176,OC4NEI,Ronnie Brandt,OX0L4EPSIG,Wallacemouth,New Jersey,FR,9040.26,46228,338.371.6789x638,15,
177,IGA5FB,Miguel Brown,ESWPIDFKTS,Woodview,Virginia,IT,812.55,23848,(385)295-6518x752,17,
178,XK3LDK,Ashley Waters,IKYRNLJCMJ,Jonesstad,Wyoming,DE,1982.25,53627,(589)764-9097x689,15,
179,3LKO4K,Nicole Turner,YMV0ZXDSNB,Haileytown,South Carolina,DE,3965.56,76371,874.635.1417,16,
180,Z20JBG,Michelle Johnson,U1E24BZ7RI,West Michaelside,New York,FR,4585.82,28079,8907525117,16,
181,OYJP02,Mary Montgomery,IMSJ2YBWV0,Sarahbury,Delaware,US,5597.2,08505,829.480.1699,15,
182,HQ5C7R,Nancy Hernandez,Y0L5E0YLX2,Parkerstad,Texas,IT,1674.82,37661,001-787-822-0676,17,
183,QQ0XPA,Joanna Taylor,0V3L5CGME7,Hubbardtown,Colorado,NL,1790.79,45415,(918)443-1647x2895,16,
184,YLOIRZ,Gina Smith,7CG5D95K1Y,New Allisonfurt,West Virginia,US,5677.43,55541,186.747.0110,15,
185,LGVLTP,Whitney Farmer,54NBGL4MLI,Port Tracy,Michigan,IT,9466.99,61432,(414)194-7818x564,16,
186,LXNS8X,Amanda Shields,2FTMXCB7ZZ,North Johntown,California,FR,4987.99,01422,(745)461-8333,14,
187,61U307,Steven Gross,91AI378GZZ,North Toddmouth,Idaho,FR,2557.5,91117,352.173.9478,14,
188,R1MLFG,Jaime Lopez,PQ9RFT524Z,South Patrickburgh,New Jersey,NL,4581.38,68522,2936674553,16,
189,F8W9OJ,Jacob Preston,CURWL78UA5,East Tina,California,IT,5077.37,75252,001-609-775-3678x33358,16,
190,PO60D5,Calvin Mckinney,J8TUG527X0,Port Catherinetown,Louisiana,IT,7498.41,59968,(564)531-0717,15,
191,3EV31B,Margaret Buck,4FCRNUENKR,Lake Lawrence,Vermont,NL,4120.55,56185,(723)910-7171x8718,14,
192,92EXWW,Alexis Griffith,8Q48GW79JH,Lake Rebeccaville,Mississippi,DE,2447.34,88641,001-069-295-4221x871,16,
193,UZT48A,Jocelyn Thomas,QQCMQ5N43X,Port Billy,Delaware,DE,8523.8,16348,+1-555-713-6375x9757,15,
194,G955GX,Matthew Martinez,JCDYBUA8WE,Forbesside,Minnesota,US,2793.7,43660,+1-370-181-8326x3549,14,
195,QA7CLB,Aaron Matthews,B822DL6NUU,Lake Annside,Arizona,NL,758.37,12191,001-222-203-7798x792,16,
196,3ZQSAH,Dawn Gallegos,N2KZTQ6NNX,West Charlesport,Nevada,NL,8189.14,10637,(454)273-2881x14950,16,
197,J8085B,Steven Stewart,UFLSD9HCXU,Andrewburgh,Virginia,NL,6742.53,37748,001-198-684-9527x67718,16,
198,5UMAYW,Curtis Mercado,U8A3MMVDRB,New Joshua,Georgia,NL,5197.85,01159,516-655-7617x69473,15,
199,NKQK0N,Sheila Lee,NWYKFVTL3G,Port Elizabeth,Delaware,FR,2739.89,99052,001-976-745-6523,17,
200,6DCNHJ,David Ray,OV68I7BETQ,North Mariashire,Oregon,FR,5271.8,46049,001-331-629-2268x7112,16,
201,BT6RRW,Michael Daniel,XJU6E5GASH,East Thomas,Alaska,FR,3245.29,57293,675-692-6900x2481,17,
202,A9RXP1,Elaine Robinson,Q46PPZM62H,Rachelmouth,Illinois,IT,1273.22,40176,742-504-9616,16,
203,KM5NOG,Jacqueline Thomas,GY3631QEYS,Sandersmouth,Hawaii,US,391.25,55339,043-052-1588,14,
204,PYI2BL,Alyssa Paul MD,9331VNCD06,Lake Matthewborough,Indiana,IT,6124.85,87099,001-249-820-5296,16,
205,KEY40M,Aimee Pena,445TF7LSCM,North Yolanda,Utah,FR,2982.03,70998,435-958-5121x49297,16,
206,EXN5CQ,Peter Stout,CKNHHD6API,Amberville,Indiana,FR,9175.61,33066,445-375-1259,17,
207,4WF9YU,Linda Bartlett,3FXEO4T385,New Samanthafurt,Illinois,US,9861.48,20909,(642)110-7772x16128,14,
208,C3ZKXE,Zachary Ware,0RS4K8PWAG,Simonland,Louisiana,FR,3888.18,64167,+1-851-679-4713,16,
209,DRG878,Dana Simpson,2KYTJGA74O,West Lesliestad,Colorado,IT,7804.37,08499,001-560-778-1355,15,
210,TTUIBR,Carol Casey,IZFX7DHWUR,West Veronicaborough,Florida,NL,7785.41,48599,203.048.3814,17,
211,7TV9LR,Herbert Howell,87HDKJVJ6F,Rivasland,Massachusetts,DE,7867.86,33970,814-840-2031x1239,15,
212,7VTHR0,Isaiah Gutierrez,JDP2XPSFDI,West Darrenshire,Louisiana,FR,6896.49,95982,001-358-066-1832x4043,17,
213,S4G46D,Ronald Lara,WKPBV2FRTS,North Jesus,Mississippi,IT,1421.13,69403,510.649.7946x184,15,
214,KLX8U4,Elizabeth Chung,SIKDZ89LLW,Greenbury,South Carolina,IT,6768.43,42219,435-230-3554,15,
215,I7W9A0,Lori Johnson,MFLQI9YXME,Lake Cynthia,New Hampshire,IT,4511.95,94010,(677)822-1619x929,15,
216,N24O45,Jeremy Contreras,LKPPYDUJGD,East Susanside,Wyoming,DE,2274.69,36478,399.728.1757,15,
217,1HYPZQ,Beth Adams,956PNOKAVI,West Cathy,Wisconsin,NL,7092.42,15587,926-833-1133,16,
218,R622BG,Jennifer Thomas,818075A08T,Annefort,Washington,FR,6783.12,19360,782-520-0154x1135,15,
219,DQQ0IU,Kaitlyn Sims,HZDOVU655K,South Jimmy,New Jersey,NL,9599.15,51648,553.037.5221x14170,17,
220,VE6L09,Jonathan Reed,V5VILKLMAP,Melanieville,Pennsylvania,NL,6314.49,13493,(588)508-4015x19436,14,
221,RZMBEE,Jody Williams DDS,M4UAX7XOXW,Josephmouth,Georgia,US,9837.83,48665,743-993-0264,17,
222,DTWJUX,Roy Barnes,1UJF8TZ0OM,Joycemouth,Wyoming,IT,4224.93,69881,245.712.6991x17301,14,
223,0CR4BO,Christie Marshall,PA22NMC6IK,South Wendyshire,Nevada,NL,7608.67,78567,(792)888-7869x2259,14,
224,FCARX9,Michael Norman,C43FWY0NG3,North Duane,Washington,NL,1735.47,41234,(004)559-4593x03836,14,
225,QZJLEO,Sheri Torres,BWT3G10BJQ,Port Jamesfort,Vermont,FR,4936.85,05625,925-351-7490x4011,15,
226,WZGPKK,Joseph Mcfarland,JXPAKKCC9Y,North Ronaldborough,New Jersey,NL,5988.38,17061,+1-172-967-6737x6687,17,
227,R0XYS9,Danielle Hogan,S7C5BKJW13,Collinsmouth,Indiana,US,4855.02,35893,(465)324-0960x6683,17,
228,02UHBN,Diamond Dawson,50N9VCUYTZ,East Alejandro,Pennsylvania,IT,45.13,21183,477.978.3277,15,
229,5BFUQX,Randy Ball,ZYLE6105IL,Danielland,Iowa,DE,6796.79,63736,3615097613,14,
230,080Z0E,Jeremiah Hill,DVUAIWIPJ0,Shepherdside,Georgia,NL,2505.15,96183,+1-895-643-4251x0925,16,
231,YX3ZNK,Dustin Johnson,RC3E85W7CT,Marybury,Alabama,US,9794.6,67981,+1-794-204-9221,16,
232,ZOJF60,Kenneth Clark,ZU5QA29VSR,Lake David,Washington,NL,4422.72,63885,+1-554-155-2669x072,16,
233,8R2HM3,Nicholas Sandoval,5DX6LI96GM,Port Albertfurt,New Hampshire,IT,2912.57,84499,540.793.6642x1333,15,
234,LQ0WTN,Jacob Guerrero,TG1EZMMP3O,Jacksonfort,Hawaii,NL,7574.54,27716,621-872-7350x999,15,
235,XRMBXX,Jennifer Singh,EMP3EZIKVY,Stanleyview,California,DE,4099.97,96244,731.758.7309x92555,15,
236,535XIH,William Richards,PKFGUYJWSF,Port Danny,Rhode Island,FR,8199.02,66484,001-467-412-2996,16,
237,X1505O,Robert Brown,5P0T8AH54N,Schmidtstad,Maryland,NL,2255.01,47755,826-332-2867,15,
238,1LL155,Carrie Guerrero,OPAMK5WYJB,New Andrew,West Virginia,NL,514.17,20666,001-915-131-3005x9706,15,
239,ZEKRXI,Kimberly Nunez,7DJECZ02JX,Mathisfurt,Montana,US,2270.05,98177,001-669-044-1139x256,17,
240,LZJ92J,James Williams,AXLN3U9SIM,Wheelerfurt,West Virginia,IT,7009.95,25903,9786635457,15,
241,C13QU9,William Garcia,C9MDP2FMLY,Cynthiaberg,North Dakota,FR,4923.06,01499,001-383-200-9950x007,14,
242,BFF12N,Tracy Lewis,DB2REIE28G,Brandonview,Hawaii,IT,3242.56,26489,+1-375-265-5165,14,
243,QV7H2H,Eric Johnson,Q4ZHKOX06J,Port Sydneybury,Vermont,FR,7057.81,13927,971-482-7000,15,
244,SC66C7,David Bass,N9AR18GU9M,Lake Nicholas,Vermont,DE,8663.31,90025,9360118933,14,
245,8LL260,Kelly Williams,HBQQJ9WV1O,Jacksontown,Wyoming,NL,389.75,86170,6083963837,14,
246,PPHUXT,Xavier Chapman,NIBFNJVGCV,Amandaborough,Florida,IT,6115.86,71077,+1-275-890-2726,16,
247,O34JYB,Lisa Fisher,39CJL54RR9,Andreastad,Colorado,FR,9129.59,30779,689-976-0938,15,
248,UCFKJQ,Emily Stewart,P4G4EY5GWH,Lake Alyssaton,Michigan,NL,5693.78,85710,001-311-327-5154,17,
249,55SQ0F,Karina Ward,E2MGO046RD,Cartershire,New Mexico,DE,9537.69,03858,001-365-866-3035x46349,15,
250,VA4FFZ,Kimberly Calderon,77A54LUJEH,Adamsview,Maryland,NL,9487.44,80969,1036067623,15,
251,9CLYUW,Deborah Turner,NAJA1SPMB6,North Timothyfort,Hawaii,US,9053.56,07117,794.565.3891x37199,14,
252,V60C4L,Brandon Flores,K9B3I7XFPE,Kyleview,Montana,DE,2618.8,07708,001-294-165-4107,17,
253,QDYFUK,Anna Hernandez,9DCVIKP0TP,North Meaganbury,Utah,US,2165.09,33754,001-756-509-9982x6800,15,
254,P8UY9Y,Jennifer Brown,Z8J22BO0G2,East Joshuahaven,Texas,NL,4496.78,32975,(265)954-1287x141,16,
255,BD0ID5,Robert Wood,HSID4RNTNM,Danielport,Wyoming,NL,897.75,64603,507.204.1926x32609,14,
256,XFQUY0,Sean Graham,F64JFBUS98,Thompsonberg,Rhode Island,DE,9250.61,51129,(622)061-5249x332,16,
257,ZSYRKB,Mark Jones,B5F89DP7MX,Port Jamestown,Oregon,NL,148.63,23386,(029)032-5838x33954,17,
258,GRNBH3,Kristen Sheppard,RGAMFXWAU9,East Katrina,West Virginia,NL,6360.9,23690,+1-562-957-8154x01974,16,
259,DZFGEG,Charles Stewart,QA531HB8P4,Crystalville,Kentucky,DE,9125.66,93251,001-803-366-1751x68002,17,
260,BV821K,Michael Nichols,IC3KHZM726,Taylortown,New Mexico,US,8818.44,92637,001-852-069-5568x2810,17,
261,P2VBC5,Matthew Jones,5DWHA39X63,Kevinbury,South Carolina,IT,4551.39,45502,0352974457,14,
262,PIFYKG,James Mccarthy,CEDCKN4JZE,North Stevenborough,Delaware,FR,820.28,80139,(784)680-7644x76465,16,
263,6V1IC0,Elizabeth Beard,KXPJT9YESV,Lake Katherinemouth,Washington,NL,3151.39,46978,(600)971-5079x3256,17,
264,Q31KH8,Thomas Simpson,L5NUIJIUD0,Lake Michael,Iowa,FR,5897.92,11291,(609)556-8181x10985,17,
265,J9BRPK,Kelly Sanchez,8PBV2YXWE3,Sarahborough,Vermont,US,6260.41,27620,+1-695-089-1161,14,
266,14BKWB,Misty Smith,VNP0XZCSHA,Jonbury,South Carolina,IT,8568.34,46345,473.582.1191x6618,17,
267,OTNCHR,Cheryl Finley,QZ2BFMKG7N,South Heatherside,Alaska,US,8011.96,36778,5460369281,16,
268,YKUYZM,Christina Moses,EXOFYGI6F1,South Jamieberg,Rhode Island,NL,3809.16,41225,+1-340-389-9141x05217,16,
269,D0NRUD,Mary Sanchez,0B6RPOS6UK,New Georgeshire,Arizona,IT,960.61,74705,437.353.2120x253,16,
270,6TG0Y6,Kari Howell,ZH2ED58BMR,South Sarah,Arkansas,US,5731.99,47904,927.322.8305,16,
271,2MM0BR,Katie Jones,3F9GITT1O1,Chadshire,Georgia,FR,4503.93,02213,570.345.0698x5311,14,
272,Z14CNY,Kelly Hunt,LEW269WRR8,Bartletthaven,Kansas,DE,5533.46,85468,(012)910-3046,15,
273,WVQ6QE,Leslie Tran,HBBPJ6E0Z4,East Christine,Kentucky,IT,2055.77,26933,799-607-1210x74993,14,
274,2FE25X,Brenda White,4ZNTENZT0D,Karenbury,New Jersey,IT,1339.75,99568,215.728.3367x32347,16,
275,ABTEML,Lori Porter,URA6EP00QN,Michaelshire,North Dakota,DE,3336.77,62936,(072)641-9343x3361,17,
276,4L6RAZ,Jason Franklin,7HZKGT9CK5,Brownmouth,Minnesota,US,7963.03,34524,1864744549,16,
277,N5O4M4,Timothy Walsh,5OPXA6XPTN,Ramirezmouth,Delaware,FR,3229.61,83789,(266)328-3786,14,
278,WTM527,Jane Juarez,GJV1SL1O8E,Alexisview,Georgia,NL,6705.9,96779,(859)423-9471,15,
279,IZCA29,Brenda Fox,4YCGR57FTY,South Debbieton,Vermont,FR,9401.82,81464,626.325.7704,17,
280,I898VS,Glenn Ray,2W6UO02D0I,Port Christopher,Vermont,IT,5878.33,32910,060-533-7083x937,17,
281,31F436,Erik Young,HLHLHN5L0N,Port Robert,Pennsylvania,NL,892.2,42371,+1-767-824-9845,14,
282,HHF2GM,Jennifer Russo,CLPC9LE7KR,New John,California,NL,8161.15,39196,+1-113-843-1097,17,
283,ITP9GC,Rachel Greer,CGZWB5I8R1,Andrewport,Alabama,DE,1044.34,12883,199-505-2737x70180,15,
284,7DU3KH,John Dodson,P5PY65INFF,New Robert,Louisiana,FR,5463.9,92724,+1-760-363-0663,15,
285,9TUO7J,Daniel Lyons,9ZQE7W8RDX,South Joel,New York,DE,2106.58,02946,+1-748-478-4429x3428,14,
286,O12EYJ,Sandra Barrera,OKYHAOXVX7,Hollyport,Ohio,FR,4959.79,97479,001-306-158-3842x549,14,
287,TLVZXT,Gregory White,H1HTV5E5KP,West Michele,Tennessee,DE,7124.22,02388,474.201.7075x056,15,
288,0VGCXG,Justin Murphy,HRGRYO9P3A,South Tiffany,Rhode Island,FR,357.23,48719,545-065-2343x2897,16,
289,7YDOJ7,Ian Gonzales,2CH3JY6XNX,West Amyburgh,Florida,IT,6547.67,09660,+1-785-062-1407x5985,14,
290,ECU82W,Kimberly Lewis,8FT81J46UJ,North Amberfurt,Massachusetts,NL,9853.1,59323,547-771-5117x266,16,
291,KK3V4K,Timothy Grant,JXMDCLBGP2,Grayland,California,US,699.85,97480,(849)855-8094x91184,15,
292,TJV6TP,Kathryn Delacruz,UE4QH7B3WV,New Gregory,Hawaii,FR,4151.22,88122,001-587-553-1532x946,16,
293,8HUNOF,Christopher Campos,11I4MPYJOA,Christophermouth,Kentucky,DE,6125.34,23909,001-216-164-0643x447,17,
294,9PASC0,Cheryl Daniel,VBEMXRCITX,South Kristin,California,IT,3627.81,80045,(040)613-7342x43246,15,
295,YZW847,Sara Patton,DXKIUZD3UO,Port Scott,Delaware,IT,5087.71,62889,001-711-674-7962x2518,14,
296,CN8EH5,Heather Harris,4AWSHTNT8R,Gregoryberg,Vermont,FR,8402.64,73469,(560)465-2956,16,
297,1ARRUM,Christine Gates,9Y3LTSSK5Z,Pattonside,New Hampshire,DE,599.65,25247,414-806-2388x14034,14,
298,J3MPNE,James Powers,KGWPLP0OES,Paulastad,Georgia,NL,7224.03,67651,852.181.4001,15,
299,6C5DQN,Brooke Randolph,DCO8SZK77W,East Benjamin,Wyoming,IT,8905.51,84179,001-023-508-2509x1513,16,
300,R9T5MF,David Petersen,TFMY132SLL,East Jennifer,Kansas,FR,1570.36,64238,911-289-4407x46658,15,
301,UOENLB,Joseph Barton,N0CNT7HKNR,North Meganmouth,Arizona,IT,7701.41,61576,001-090-394-9143,14,
302,VRWK7K,Audrey Rose MD,HFF7HBSAN2,West Allisonburgh,Washington,DE,1331.88,05909,997.443.0175x306,16,
303,BL6SRB,Morgan Curry,HO1MCTIPRP,Elijahport,Wyoming,FR,1872.27,20356,+1-819-793-9628x910,17,
304,BMNPT2,Kimberly Vasquez,ZT9RVRFKH5,New Kelly,Maine,FR,9048.72,74061,216-987-2742x113,17,
305,0HV216,Travis Vega PhD,CLN56I3GG5,West Andres,Florida,FR,691.21,40526,+1-750-441-7068x00472,16,
306,HL7MWH,Steve Gordon,DLVS9G1TQ4,Amandaborough,Kentucky,US,1048.18,84849,+1-728-678-1732x37397,15,
307,KBET3D,Mark Carr,ULD0WKXWIG,Port Kaylastad,Idaho,DE,6371.35,10623,001-498-869-0321x881,17,
308,XJEAMO,Russell Barker,1TMRH5366R,South Leslieview,Rhode Island,US,5228.6,63506,843.891.5075x2861,17,
309,NDLT82,Jason Chandler,CR0S78KUS6,Garciaside,New Mexico,DE,4123.09,57901,940.917.4180x385,15,
310,UV9S5K,Ryan Chavez,8OYATZMLZA,North Zoeburgh,Wyoming,FR,2068.88,56014,854-266-1397x7692,14,
311,4EQ8EQ,Veronica Mora,9IXFF4C134,New Robert,Arkansas,IT,4101.98,75297,316.886.5089,14,
312,T9NCX2,Sarah Griffin,CWS5PX5AXB,Nicholshaven,New Hampshire,FR,7686.0,45756,1388665644,15,
313,Q2899L,Jacob Young,STJADM6UDN,Sharpmouth,South Dakota,NL,9221.45,69699,(977)566-9822x49558,16,
314,1GLZU3,Tammy Johnson,E7UN11CI10,Benjaminland,New York,US,2317.07,88732,001-987-273-9371,17,
315,MND8MM,Brendan Cantrell,NE6DPW3PPR,New Andrew,Massachusetts,DE,725.15,38537,874.198.3033x092,17,
316,WID243,William Callahan,WDOY0MUMPS,North Cherylshire,Tennessee,FR,4694.75,37096,761.283.1739,15,
317,F3RO8Y,Darrell Duran,E0H3HCWJDQ,Cunninghamhaven,Nebraska,FR,1177.19,07803,043-235-9430,16,
318,D105K6,Tony Smith,ELK3B9N1HS,Dennisfurt,Minnesota,IT,5562.62,72607,106.574.5251x9231,16,
319,7EC2WC,Kurt Flowers,XTK0U38V5H,Alexandrastad,Ohio,NL,4265.43,78601,770-216-5718x0761,15,
320,HZJ5T9,Amber Robles,K47HKHJ3DE,Lake Ryan,New Mexico,US,9853.51,77639,(820)319-0441x65191,17,
321,39FHBL,Michael Greene,TPY38OIO3O,Vasquezmouth,Massachusetts,US,6008.37,54719,001-980-059-3846x2292,16,
322,S17S8S,Kimberly Collier,BMJ1C0IVDJ,Ricestad,Iowa,US,2716.11,82388,0680931881,17,
323,CUQJ57,William Kim,WRHL8JO8QF,Port Michelle,California,IT,692.15,06871,+1-251-703-9275x4499,15,
324,XFEXRF,Amanda Roy,R0FDK6BPIG,Port Julie,Tennessee,NL,9563.94,21577,1595862070,16,
325,AGMCTO,Brandon Rich,AVTVLOOCYY,Smithberg,Texas,US,276.02,92591,001-060-114-8434x988,16,
326,183OJ8,Cody Jensen,72M1JI7041,North Christopherburgh,Texas,IT,6986.95,71371,+1-152-160-6001x9932,15,
327,P2YF7R,Jason Torres,LZP8U0PJ4H,Trujillochester,Maine,IT,2783.01,55524,001-052-996-2542x983,15,
328,QZ9X3U,Lauren Martin,P0F9XS79HL,East Tracishire,Michigan,FR,1236.62,07713,605.873.6118,16,
329,HT3MZ0,Jason Bates,R32AZD6INN,Johnsonville,Rhode Island,US,6037.97,75672,045-044-0441,15,
330,YPV0HS,Carol Brewer,K7CB7IBCIU,Lancemouth,South Dakota,IT,6344.91,99018,(216)078-7428x4073,15,
331,D6RYPK,Jeffrey Rhodes,1XQRKT0P9V,New Tonya,Maine,IT,8927.86,97227,(903)872-8134,14,
332,YTTU2B,Erika Cobb,Y9RMN1GBZD,Timothyborough,Delaware,NL,9957.68,32597,001-914-125-3922x3154,16,
333,OH1TMD,Brian Smith,O1RRSGYCPS,Harperview,Missouri,DE,1559.36,96895,001-577-841-8248,15,
334,P35RVL,Melissa Jackson,SU6Z97FV8S,Willieshire,New Hampshire,DE,3542.65,62788,+1-222-813-1147x3238,14,
335,6FIFCH,Jeffrey Molina,TO079768RW,Port Autumn,Indiana,DE,272.66,70407,344.326.0951x614,14,
336,6W7YWS,Roberto Whitney,GGYWQHFBL9,New Larry,Massachusetts,NL,9173.94,47575,(360)022-9948,15,
337,XTKUOZ,William Cuevas,TU2DBHNL9W,Port Kelly,Vermont,DE,3153.77,01428,(670)096-9795x565,15,
338,HHNH39,Daniel Hernandez,ZQ4DIGIW6O,South Williamstad,Texas,IT,2017.69,27787,657-380-8652x60150,17,
339,LS1COV,Linda Lee,854ZIBO53S,North Dianaton,Louisiana,FR,6006.22,74386,001-870-553-2026x3363,16,
340,JFFWED,Hailey Jones,B5FMB1L7Q9,Port Robert,California,US,175.19,15325,(103)223-3623x8745,17,
341,K39LKY,Alexander Christian,YXI313Z10V,Kingchester,New Mexico,IT,3518.73,82936,001-206-323-6945,16,
342,5WSCMC,David Thomas,7PBZW656R6,Lake David,Michigan,DE,6646.46,78762,001-548-605-2662,17,
343,GBKQQZ,Claire Porter,OO09HKTL3K,North Elizabeth,Texas,IT,3901.79,10807,001-940-179-1274x16421,14,
344,JGSSKO,Chase Hayes,6JW276MET0,New Maryhaven,New York,FR,4389.32,04287,792-108-8061,16,
345,NQT6SH,Randy Roberts,8E66MXJXPA,Terriburgh,Kansas,FR,3638.96,43875,+1-287-403-2633x983,15,
346,A5NO9Z,Amanda Mendoza,0GD98XLJ27,East Ericfort,Idaho,IT,7756.96,16095,661-776-1764,15,
347,OZGOSS,Felicia Kim,E7F41QCUJB,North Lauriechester,North Carolina,IT,4504.73,29753,793.929.7033x0654,17,
348,CS0QZK,Melissa Garcia,WQPWBAQ3RF,New Williammouth,Idaho,NL,9879.02,87169,269.767.2597,14,
349,LK7UJA,Cynthia Kim,IRHN7N3G1G,East Melissa,North Carolina,IT,8651.54,17812,+1-038-968-8575,14,
350,X6L9S6,Jason Henderson,A7IGGKW9KV,Thompsonchester,South Carolina,US,5813.24,29025,+1-295-585-9781x170,15,
351,GL7QB4,Mark Jacobs,GCFR26W53Z,New Erika,Delaware,US,9166.74,70896,001-808-945-8768x11485,14,
352,IYVYI0,David Smith,5K2JW5AWWA,Lake Kristine,West Virginia,IT,9871.95,96690,001-453-860-9382x19412,14,
353,5PRG3Q,Lance Clarke,D57AF53F0Y,Port Thomasport,New Mexico,US,5561.14,13799,001-520-186-8802,17,
354,LH90HZ,John Crane,CQN47SBHL9,Jillport,Montana,DE,4565.4,98796,340-619-8778,15,
355,T0F6XL,Samantha Burnett,9LACZV9WXO,West Deborah,New Jersey,DE,7007.07,84849,453-975-3511,14,
356,7LY2ZW,Brian Allen,IUH3XEBB5U,Ronaldfort,Georgia,NL,7049.76,67544,001-518-206-2864x080,16,
357,DYWLEI,Sarah Fuller,93VIDRJC2N,Miguelburgh,South Dakota,DE,7292.54,14013,(369)549-2728x206,16,
358,SEHDC2,William Miller,G9CDMDR4QP,Taylorland,Florida,IT,2100.22,47550,001-400-750-2303x723,17,
359,CR7DGA,Dalton Jones,4DH4GAJM7O,New Emilyshire,Wyoming,DE,9040.04,98621,756.764.4746,16,
360,W396BF,Dawn Oneill,E4WUITXQZX,Zacharytown,New Hampshire,FR,7484.89,32478,(971)711-1733x019,17,
361,VGY08V,Brittany Gonzalez,ODRWVAIBPR,East Lindaview,South Carolina,US,7812.65,76208,936.184.0452x8787,14,
362,5E23ND,Christopher Grimes,1T2Y0YF1PM,Victoriahaven,Illinois,NL,3445.56,03389,+1-174-618-2793x93891,16,
363,JGWIFH,Matthew Montes,Q8X3K6VK4M,Barrettland,Alaska,FR,4231.78,83742,001-458-139-5765x601,15,
364,ZHMGYO,Francisco Harris,PZ1SVFY419,East Coreybury,Utah,US,6443.73,52467,001-661-889-6181x9053,15,
365,CVCM3Z,Earl Pena,Q99CKKQ1MT,South Kennethfort,Montana,IT,1161.72,52049,545.908.9499x7892,17,
366,1ZK7XA,Richard Lewis,B75VDI7Q2B,West Kelly,Arizona,FR,9803.07,13927,001-727-259-6723x7839,16,
367,W99TPA,Brooke Robinson,CFTOAIP37J,Lake Scottmouth,Illinois,NL,9205.96,38059,001-121-415-9698x16676,17,
368,8SJD63,Elizabeth Hall,I0Y2DQABKO,East Jonathanton,Wyoming,IT,7579.84,75766,001-561-407-0893x46312,16,
369,R65LE1,Angela Gibbs,WPNQZHI6XF,South Rachel,Wyoming,DE,6259.25,24915,028-649-6655,17,
370,ACEYF0,Linda Jefferson,DYS1G7OC8K,West Randy,West Virginia,NL,1046.95,65658,555-147-6819,16,
371,GA6DWL,James Moreno,S04FD9GI7N,South Robertchester,Nevada,DE,6049.12,06211,051-827-6939x7866,16,
372,M7XLFT,Jennifer Anderson,W2FGV5X4TS,Jonathanborough,South Carolina,IT,3119.06,37633,001-820-221-4379x9927,16,
373,CEKLC1,Vincent Taylor,O9P2PHW5TU,Amandaport,Georgia,US,3162.69,32726,+1-446-372-8610,16,
374,7QGWV3,Taylor Brown,JRHCK6TZI1,Gabrielfort,Delaware,NL,6763.66,83759,736-036-0615x250,14,
375,9ZJUIM,Isaac Bradley,7YQ75PBHND,New Michael,Idaho,IT,808.25,47171,(181)871-7411,17,
376,XO1WQW,Jacob Mcneil,PYNK7J7C5L,Jaclynberg,Alaska,IT,7474.13,30054,001-767-207-1670x107,17,
377,FB0EYX,Kevin Short,O63Z32A7MZ,West Ronald,Arizona,DE,9968.62,69512,(587)376-7934x7166,14,
378,YZLF8Y,Andrea Hill,48K4NAPJZ0,Kaitlinland,Louisiana,FR,725.62,92734,(176)137-3142,16,
379,7OA9PR,Mark Clark,4Z23FUES0R,East Heatherborough,Georgia,FR,8855.05,36043,(764)993-9007x2658,17,
380,BG8KFP,Brady Brooks,NDMZIH94AO,Floresmouth,Missouri,NL,2910.06,46108,204-512-8660x18590,15,
381,HPX53T,Joshua Best,2U68VGE4O0,East Mark,Nevada,DE,870.58,36073,+1-438-365-9162x007,15,
382,6R2T1D,Tracy Stout,YCGRJPLSRJ,Lorichester,Louisiana,FR,1147.46,67926,781-177-7776x31289,17,
383,NJB57H,Laura Larson,IXZ6WV2VEM,Landryside,Utah,US,2635.44,55349,437.106.3582,15,
384,3RE0VN,John Barrera,V5WC4R7L25,East Deborah,Utah,FR,6382.81,44789,853.688.5132,15,
385,4D0Q7M,Antonio Lewis,OKD4X4S2HY,New Paulhaven,Louisiana,US,9258.36,26718,001-126-032-6132x7957,14,
386,BS7QFS,Travis Franklin,NCLWFZYAWN,West Moniqueton,Maryland,US,2481.81,07101,251-429-1810x6639,14,
387,UKL2WR,Colleen Wood,LJNF00XA4L,East Brian,West Virginia,NL,9401.51,32693,+1-534-728-9545x849,14,
388,K4VUNF,Dennis Garner,VD02J5NXBT,Port Davidstad,New Hampshire,NL,1673.32,29931,(189)841-9883x569,14,
389,ZXL30F,John Walters,TGY7XDY3AC,Stephaniechester,New Mexico,NL,2537.58,81987,001-663-048-2891x023,15,
390,X2DDGH,Jessica Moore,TH0AQJ8EZD,Toddshire,Arkansas,FR,5663.73,56994,206.724.3909,15,
391,OHSI81,Philip Johnson,LOITAHG6L9,Troyview,Louisiana,US,7090.43,34595,001-479-870-7754,14,
392,JYJXH9,Barbara Santana,E859MNXBRO,Nancyland,Maine,NL,7650.44,66779,001-542-030-8037x52102,15,
393,5G538P,Luis Anderson,VN3LXPR9A9,Bonnieton,Massachusetts,FR,4764.92,15020,(798)959-4905,17,
394,N8P72V,Ryan Smith,VT5M74XS31,Mistyton,Tennessee,DE,7479.48,25598,(666)994-1140x64038,14,
395,7E4Q42,Joseph Hill,FGFZU0MMWG,Lake Jeffery,Florida,IT,588.98,95377,001-582-616-2745x05949,17,
396,O7O63J,Shawn Hardin,HV2S57HDLB,Port Monica,Virginia,FR,4310.88,91141,(571)017-0604,15,
397,GGENDI,Mary Maldonado,21IUW7LKZZ,Taylorburgh,Alaska,FR,623.12,19111,+1-636-302-3784x99669,15,
398,N8XLGS,Christian Fuentes,658AJ7ZARN,East Amanda,Montana,NL,7407.21,32530,001-199-118-1697x53287,16,
399,X88C9Y,Mary Adams,PSHV4OZXJ6,Sandovalstad,Vermont,US,2956.15,63866,845.571.6013x67511,17,
400,12QQK5,Paul Wilcox,8WVFTBC8YO,Perryview,Massachusetts,DE,9991.01,86342,+1-994-410-4688x9866,15,
401,2XN21B,Jennifer Todd,LLTB27ICDU,Herreraport,Michigan,FR,1896.77,82454,+1-311-455-7134x7028,16,
402,8QFXLG,Jeffery Gomez,9CS5TGKFA6,North Alyssaborough,Mississippi,IT,1767.73,93895,311.277.9415x23283,17,
403,PEGM10,Kelly Green,TBUZTEG0F2,Joshuabury,Washington,NL,6853.46,23362,(673)229-3468,14,
404,X4H06J,Jennifer Mcmahon,B7QH7MF5IT,Lake Amyshire,Delaware,NL,8105.98,72294,314-666-7935x2867,17,
405,5P08TH,Victoria Williams,X58Q3V8QDX,Laurenland,Michigan,NL,8837.95,59132,0461159311,17,
406,9KA814,Brittany Hawkins,C8LFHLR15I,Lake Michael,Nebraska,FR,978.72,09341,001-915-883-0486x0687,15,
407,KZ027Y,Brian Nichols DDS,HRXCU9FHW8,Josephmouth,South Dakota,US,6931.82,35914,441.588.2982,17,
408,CK7NJZ,Michael Armstrong,VL8UCZMMHP,New Julie,Wyoming,IT,1332.84,30727,341-137-5964,16,
409,BSD6YV,Mark Black,SD7WQTKPQ4,West Michaelburgh,South Dakota,NL,5646.57,60271,+1-275-376-5047x37065,17,
410,CI02AD,Debra Walker,TFN074I3NU,Port Charles,New Jersey,NL,9779.02,35526,+1-807-166-5471x8821,14,
411,L7IDF3,Adrienne Washington,9J5F4YQ4L8,Hollytown,Idaho,US,6074.48,34821,(828)739-7354,17,
412,3Z2696,Melanie Trujillo,2881NI6HHO,Johnfort,Tennessee,US,7901.54,61751,001-888-110-1561,17,
413,LD4OVQ,Jeffrey Singh,72Z1I7N3QN,Port Michaelside,Connecticut,DE,4738.31,21757,042-865-1946,15,
414,64BB21,Kelsey Hines,4RUUTQDID0,New Danny,Vermont,DE,8123.49,20092,+1-218-197-1043x1886,17,
415,ELVZ9V,Francisco Rodriguez,9MQMM004DP,Greenhaven,Virginia,US,1344.28,97381,+1-180-696-8456x8705,17,
416,KZAHLU,Sarah Gonzales,5CJKTTGLNP,New Mollyborough,South Dakota,US,2674.93,35628,8353492265,14,
417,90AZI7,Robert Adams,XERXFRAENP,North Christopher,Illinois,NL,7320.99,10803,4893962016,15,
418,T5DIFV,John Hudson,MJBBD8U6Y6,Pageshire,Ohio,DE,8361.54,43789,(317)309-0168,14,
419,PDOZIM,Stacey Taylor,XU19TJ4SHE,Nicolechester,Montana,IT,3578.71,70339,001-709-208-9285x61868,14,
420,GA5QV7,Sarah Murphy DDS,7YM2BUOETX,New Brendaport,Montana,IT,4111.39,93836,6185313568,15,
421,72VR7V,Deborah Bailey,OOV51KLJYU,Stonetown,Utah,FR,4888.28,72428,001-388-980-0780x10299,16,
422,JUDJ16,Hector Munoz,XSA647750N,Carneybury,Texas,FR,4684.41,93305,001-127-424-1069x74707,16,
423,V6CMQ3,David Reeves,NT7WI2E8HK,Timothyfurt,New Hampshire,DE,703.78,54537,001-190-730-4590,14,
424,S8WG7W,Gregory Perez,0A30X2B232,Lewismouth,Maryland,NL,3960.33,79331,001-151-472-4208,17,
425,INCK6N,Alejandra Maxwell,OMV1EXK05P,North Manuelton,Florida,FR,7583.09,32765,175.283.0343,17,
426,3LK1GL,Jacqueline Harrell,BP1R0VIUMJ,Chavezview,Oklahoma,IT,6891.02,73726,(387)846-8017,15,
427,M63UQY,Joyce Washington,ZEDMRQRWYL,Robertside,Virginia,DE,3556.01,20199,221.233.1675,16,
428,LES6MZ,Samuel Leonard,9F7U3B9MZD,North Anthonychester,Oklahoma,NL,4076.95,62773,001-655-464-9243x6816,16,
429,HVYY6O,Christian Mendez,K8ZSMJ15QD,East Andrewside,Kansas,FR,2186.03,70608,001-676-672-0877,16,
430,IMY7ID,Karen Fields,964RF9KTMI,Deleonview,Louisiana,IT,1546.66,92980,(163)579-2843,15,
431,C2IEZU,Brett Daniels,38ZA6X9O7S,Nguyenland,Maine,FR,2765.93,80610,+1-472-773-7254x7326,16,
432,S3285A,Jennifer Wright,FM05LEWY5V,West Kristinestad,Alabama,DE,1252.14,41052,001-954-182-0163x2659,14,
433,DS9OH8,Linda Holloway,73BI5KX8XP,Lake Sarahbury,Alabama,DE,3184.51,98088,6236566500,16,
434,OPCHWV,Andrew Murillo,UAKEVVP1X8,New Tyler,North Carolina,NL,3603.18,74011,9597708586,15,
435,MEFSS4,Douglas Armstrong,O8672ZGT7M,East Jason,Arkansas,NL,4812.9,50749,001-367-831-5242x9216,16,
436,WFLUHD,Clinton Craig,4QVHKVVCVF,Laurenberg,New Jersey,NL,7602.13,34509,1514707734,15,
437,TSCUBT,Karen Lee,9UY3H35H46,Warrenland,Oklahoma,IT,6968.89,81162,(386)359-7969,15,
438,XB6ZYD,Ana Williams,K63ZA02WC7,North Veronica,Oklahoma,US,2033.72,61928,+1-727-684-8206x23873,16,
439,T63GYE,Susan Sampson,245I268RTR,Solishaven,Hawaii,IT,6562.8,68660,001-301-758-4712x20776,15,
440,NLU7JS,Gabriel Sullivan,HQ646GG4YT,Lake Andreamouth,Kansas,US,7026.9,30803,346.287.0075,15,
441,J434UW,Lindsay Campbell,3NE0RNQC9S,Stephanieport,Alaska,FR,8002.6,45992,001-591-871-8557,16,
442,JTS23H,Dalton Thomas,04Z1W91PW6,Lake Amandaton,Wyoming,US,512.4,19175,001-255-805-6227,17,
443,OFB810,Kathryn Ellis,B3Z17LSJ9Z,Gravestown,Alaska,FR,9541.94,02933,0882955883,16,
444,HYKFOD,Dustin Davis,G0A0EX1MD0,South Angelatown,Arkansas,DE,3611.95,78330,233.773.6658,14,
445,AWD44I,Douglas Owen,XMMS9E00LT,New Shannon,Maryland,US,7536.38,25736,129-451-7859,14,
446,NIYDH6,Christine Chapman,LL9W2XX14R,Jamieview,Maine,US,8924.63,04630,+1-597-451-6347x27144,17,
447,OKI7ZV,Katherine Dixon,03LKPTZJJ5,Jeremyside,Minnesota,FR,1148.31,14889,165-014-5389x978,17,
448,RSPZGD,William Snyder,L1QA3YN814,Michaelborough,Maine,DE,8098.96,88286,706-670-5751x1673,16,
449,JX65OM,Alan Pearson,JXJ2U55YWA,Bowmanberg,Florida,FR,3503.06,84888,(938)983-6377,15,
450,EKE7DV,Nina Leach,9OPPTG32FY,North Charlesland,Maine,FR,2165.5,82729,+1-724-673-1339x187,16,
451,URTL5G,Richard Gilmore,B2OEPYMPVC,South Kristinton,Virginia,US,1723.24,76782,295.006.6320,16,
452,02VIF2,Deborah Miller,W89OFEMDJ8,West Jackie,Alabama,DE,8590.23,35453,501.715.7250,14,
453,F9IZWC,Stephanie Clark,4G8OOKARNH,Paulborough,Nevada,FR,4847.45,56762,001-478-875-4333x274,14,
454,XCZKLI,Michael Suarez,4DKP9PMWWK,Port Tina,Alaska,US,2253.74,89070,+1-526-114-1761,16,
455,ECM5O8,April Smith,PZ3IJQK3XK,Joshuaborough,Connecticut,DE,5182.87,35704,(896)632-9138,14,
456,2DF8ZN,Jessica Boyd,OC8SNS79VT,Kimside,South Dakota,IT,2973.59,03758,(344)035-5363x74405,16,
457,SJ469M,Ernest Johnson,9Q63GIKXUG,Port Carolberg,Vermont,DE,1559.5,45753,001-010-270-9117x47987,16,
458,T9PAAW,Jesse Bishop,40SAWI3JGP,South Jonathanshire,Louisiana,DE,9292.37,76608,2374615710,15,
459,OZ2EQ5,Hailey Garcia,YKA2I1IZR4,Wangfort,Washington,IT,1005.67,50868,001-849-670-6958x63853,17,
460,OJVZ9J,Donald Lloyd,6ZJ9NOW60L,Gregoryside,Massachusetts,FR,475.18,43168,+1-694-588-6812x02466,15,
461,F6R6RI,Paul Arnold,6WE4IYNQ1G,South Todd,Indiana,NL,8386.38,99034,482.754.6120x92765,14,
462,OWT5US,Jennifer Bailey,GOCNRZFHCS,Port Adamtown,Ohio,NL,5359.16,34490,251.477.0073x14428,14,
463,B01UWV,Jacqueline Melton,8UY72NP8PX,Port Carmen,Kansas,IT,670.08,04042,033-083-8372,15,
464,R61IXO,Kyle Ramos,74ONJZWKKM,New Jessica,Rhode Island,FR,6035.75,45764,+1-924-354-2446x6343,14,
465,4RIDP3,Mark Dorsey,J7W5OYCMLY,New Sandra,Hawaii,NL,5173.49,94770,543-798-9335,15,
466,4RCK7X,Jesse Henson,HU8UR4YKZM,Johnview,Iowa,IT,9508.81,81261,+1-797-037-6300,15,
467,QZLKJI,Alyssa Sanchez,66LHJ63MD7,East Bradleyland,Kentucky,DE,3644.87,41355,588.374.9502,14,
468,HHLD4F,Dr. Patrick Rivera Jr.,6ZYDLI9NAA,Santanashire,Nevada,US,8269.79,87940,485.570.8534,17,
469,B79RW1,Kelli Smith,Y2Q30Y35NB,West Jacobstad,Kansas,FR,9770.18,88705,1891179427,16,
470,AM126U,Susan Merritt,Q3A7DGSPZR,Lake Michael,Oregon,FR,8611.09,35501,142-461-2296,15,
471,2GZPAA,Christopher Simon,B7OUU930BT,Burchborough,Ohio,NL,1364.63,48253,149.068.1195,16,
472,FVR1Y0,Sylvia Paul,KPNIAB51EN,South Elizabeth,California,FR,1433.36,17701,928.873.0999x25766,15,
473,46PZCM,Sabrina Kelley,E9HZH05DV4,Laurashire,Illinois,DE,3375.5,46068,580-445-7810,16,
474,PD3E70,Tiffany Sandoval,J1DXSZDZIF,Edwardsshire,Florida,DE,8543.32,87982,(936)478-9033,14,
475,GDLSVR,Brandi Ramirez,V4I7XPVH5H,North George,New Jersey,NL,6097.17,96417,591-850-7025,17,
476,59RWLV,Katherine Brown,N1DNABMAEJ,Nelsonmouth,Alaska,FR,2450.2,75283,001-438-858-3083,16,
477,NSI7KR,Jacob West,FP1A92R6DX,North Davidton,Arkansas,DE,3877.9,75329,363.339.2043x233,16,
478,ESURWS,Jonathan Johnson,N8JMQ0F7FP,Laurashire,Pennsylvania,IT,8083.24,85983,6776093931,17,
479,RNKQ78,Jack Huff,KGNNS8Q439,Johnnychester,South Carolina,FR,1620.41,97072,(800)919-2179,15,
480,1KRACX,Jason Lamb,T0Z3UAF1UC,New Samantha,Minnesota,IT,5359.83,63640,(577)800-4725x526,15,
481,TNCM7F,Karen Davis,TA0TU0K93O,Lake Lisa,Hawaii,NL,1584.84,35615,001-674-197-3310,14,
482,FERRZM,Susan Perkins,47RJF7T7WG,North Donaldhaven,Hawaii,DE,2217.75,68592,061.384.8235x2032,17,
483,GT9LVA,Sherry Rodriguez,NWWQQ3N3KV,Wilsonton,New York,DE,605.89,78131,(616)662-1120x6287,14,
484,8J810Z,Carmen Rivera,UOTD7I348E,Lake Brittany,Alabama,DE,2005.35,80805,583-281-9728x111,14,
485,V27C9R,Patrick Galvan,31HA3I7OT3,North Lauraport,Georgia,IT,8354.28,04582,001-684-458-0218x4859,17,
486,V5W9WU,Allison Wilson,UCLB17RF6L,Williamstad,New Jersey,IT,9313.08,05182,453.583.7499x451,16,
487,QGHWQS,Brian Hill,H4DK06TFIT,East Dakota,Illinois,DE,7274.49,11893,(892)715-4201,16,
488,VUU0YQ,Bobby Adkins,8RMKZV03R0,East Rickberg,Arizona,NL,2263.48,51454,2651375597,17,
489,MRQ3BE,Jenna Mclean,1WSXASB9M8,Colleenberg,Arkansas,FR,9249.09,17869,4708448261,16,
490,4XRS4F,Crystal Moss,1LWT9Z2AKK,Keithport,Indiana,DE,9603.93,17809,3636686728,15,
491,1PFTY8,Edwin Bailey,KLARCZ9QW1,East Adrianfort,Connecticut,US,6608.66,48348,+1-419-823-1707x86363,17,
492,6F76YN,Scott Wallace,C2DWUKWPFZ,East Brittanyville,Idaho,IT,5342.7,48606,959.082.7223x45415,17,
493,EF1J0J,Scott Wilkins,9RY7XX5W22,Smithland,Wisconsin,IT,2978.29,35224,(095)382-8427,14,
494,HIZU4D,Jamie Sanchez,RLQE6LEKAN,North David,North Dakota,IT,8306.11,58552,225.124.4092x97902,17,
495,I4CXLP,Matthew Thompson,HGIGQ89FGQ,Lake Amandafort,Florida,IT,3640.22,05030,001-064-352-9257x3706,15,
496,HXPQ9C,Clarence Joyce,E8N1I6MIE5,Taylorport,Colorado,FR,182.43,06456,366.924.9423x253,17,
497,74KQJ3,Adam Vega,6OTSNBVQ7J,Watsonfurt,Louisiana,NL,9824.02,61796,+1-541-829-0746x60496,16,
498,W052MS,Rachel Garner,1PUU1Q06GK,Port Brentchester,Indiana,DE,4571.34,94769,311-738-6293,14,
499,6N7CMI,Tiffany Jordan,LQTGXXSREC,Jeffreyfort,Florida,FR,6886.3,79708,4604813222,14,
500,BGG027,Stacey Weaver,NQNSC289V0,Davidside,West Virginia,US,799.13,23307,443-824-8255x4444,14,
501,9VDBRZ,Corey Williams,YH4KW7E1LE,Nashview,Missouri,FR,6497.56,39589,7620161011,17,
502,VOWAE8,Isaiah Hernandez,924JCJZXBF,Sarahmouth,Alaska,IT,3325.44,98099,681-503-0326x014,15,
503,0R1W4Z,David Williams,5VFGRTQWRJ,Maciasmouth,Oklahoma,FR,9593.88,45175,788-064-7569x725,16,
504,HZSFKW,Sandra Gardner,GQUORM2JUB,Davidville,Texas,US,1147.38,23773,9272745950,16,
505,NOKKD4,Sabrina Garrett,LMFFCABQDJ,Port Sherry,Kansas,IT,4110.56,95916,+1-284-551-0510x35484,16,
506,TZUYTI,Melinda Sanchez,V9W51D2NVQ,North Stevenfurt,Kansas,NL,7528.15,23626,941-224-5763x4883,15,
507,QKJ9BH,Adrian Robertson,Y0BK5R2ALX,Reyesmouth,Nevada,FR,9739.84,00977,416-297-8713x3193,17,
508,18ZQZ7,Jeffrey Wilson,PAUXPGDFV5,North David,Maryland,DE,9798.39,36102,001-157-235-1945x58518,17,
509,7U2H8L,Robert Monroe,PBVTV3LQ5E,New Davidbury,Washington,NL,3485.32,01660,994-940-3541x14374,14,
510,GT8KB2,Lori Willis,PW0Z4NPVJ7,South Tiffany,Mississippi,US,2268.91,54090,108.234.5683x8007,17,
511,OTXRSA,James Martinez,1IPY67GQR6,Lake Monica,Ohio,DE,2825.75,46088,001-177-581-0159,16,
512,G8NAL2,Ricardo Davis,54T9RGNVP6,East Erik,Ohio,US,1579.08,08633,(967)937-4163,14,
513,VI3QS6,Rhonda Phillips,4GT5SD76LX,Rachelstad,Georgia,NL,8088.93,95565,(915)155-1856x226,16,
514,7ENOW2,Maria Lloyd,07R48ZPHOF,Millermouth,Missouri,IT,5876.92,01903,306-355-0361x9370,14,
515,7J69YW,Kelly Davidson,0ECRPOSROZ,Kimberlyville,Arizona,IT,9236.13,53800,+1-097-726-3039,15,
516,5D6KBU,Lori Pham DDS,6HJI22MZEE,Lake Joy,Pennsylvania,US,6471.02,44960,(453)818-8579x99670,16,
517,M1437A,Katherine Martin,64FIC0TID8,Matthewfort,Indiana,IT,3437.24,01993,887.997.4765,16,
518,WCDEK3,Maria Ferguson,ARQUFIMVYT,Heiditon,Utah,US,1791.08,05598,1311528549,14,
519,7QSH37,Matthew Flores,9WA84MHG4X,Valenciaport,Kentucky,FR,959.43,17632,238.842.1555,16,
520,QVN5OV,Anthony Harris,LKQ9706VDU,South Paula,South Dakota,NL,5657.27,07379,0401701005,14,
521,JO2VL5,Laurie Jones,JCJINJYVUF,Kristinfort,Mississippi,FR,3481.01,93810,001-572-361-5333x38069,14,
522,RVT0D9,James Davis,D2RY80U1TW,Lake Diana,New Jersey,FR,7802.41,16090,001-310-212-5292x364,15,
523,U52EUM,Matthew Keller,SMITRFJEYJ,New Rickybury,Arkansas,NL,812.91,54829,052-471-4899,14,
524,DKHGXZ,Gregory Howard,9JBIDPONPD,South Hannahville,North Carolina,DE,9672.09,55944,621.131.2669x65565,14,
525,HTPAQI,Patrick Jackson,MFZ7GHHTUC,Woodchester,New York,DE,190.46,67936,(396)644-2577x19642,14,
526,U5TF4C,Laura Young,NFODBTDJHT,Hansonview,Alaska,US,7347.78,24877,001-333-641-6720x724,17,
527,LZ7CF4,Todd Drake,5YRYIACBG4,Port Lori,New York,NL,6018.95,03843,8833432772,17,
528,UMEYN7,Rebecca Ortiz,QQGMOKJWET,Joelton,Idaho,IT,8834.17,41270,+1-978-225-8334x0633,14,
529,0ZTBD2,Amanda Reed,C13N0N5ZT0,Elizabethfurt,Ohio,FR,9639.85,89995,241-686-8974,17,
530,87PQ2N,Troy Thompson,LLRL61Y2ZC,East Samanthamouth,West Virginia,FR,5209.58,84388,(323)385-9702x606,15,
531,MBT1M5,Nicole Crawford,3VIPP5KZGM,West Craigfort,New York,NL,5958.83,74248,5374614355,16,
532,NRLEWM,Amber Garcia,IGNVAU58DW,South Stephanie,Kentucky,DE,5767.14,97328,(103)494-4052,16,
533,564F84,Brittany Patel,1FWWRQ7I8C,East Brandonberg,Wyoming,FR,7625.25,31026,001-212-593-3378x243,15,
534,FOOE1N,Marc Austin,RFB5IHAX9G,Aliciamouth,Utah,IT,1635.25,91497,654-188-3720,15,
535,GYXNHS,Dennis Simon,IO9W4XGMV7,North Natalie,Missouri,DE,2681.73,54800,7409148817,14,
536,OFVSCS,Kerry Evans,6N69IQC189,South Ashleytown,South Carolina,DE,2459.5,23514,331.382.5963x241,15,
537,WCPV35,Helen Young,HG8MGBBWFC,Kevinport,Alabama,NL,1524.75,81554,001-175-482-1429x5930,17,
538,FUH5ST,Gavin Wilcox,BKVTRTS7C0,West Ryanborough,Virginia,DE,4736.86,80332,+1-822-997-8145x2988,17,
539,QNM7WO,Jeff Moss,D6U91SH8OM,Aprilberg,California,US,250.36,59905,(904)676-1707x084,14,
540,UE4AJZ,Nancy Holmes,O3IEMX1JR3,West Alexis,Rhode Island,US,5215.84,72685,(199)666-9706x60135,16,
541,MI4VYE,Kelly Anderson,I8YRODC40R,Peggyburgh,North Carolina,US,8458.11,66679,001-697-281-7655x177,17,
542,B0LWR2,Stephanie Dixon,91JUAZAXZ2,Willisport,Michigan,NL,7665.69,77601,(162)656-7383x94771,17,
543,AW15UD,Lindsey Nunez,6S73OGCZ9K,East Cynthiastad,Vermont,FR,1577.72,24323,9644215483,17,
544,9N82AA,Traci Johnson,2AQAEFSEZZ,Silvamouth,South Carolina,DE,7197.75,63997,200.961.4413x75682,14,
545,M8KC9Q,Melissa Yates,BMT6S6HPZF,East Antonio,Missouri,FR,5592.97,06525,001-653-360-7147x655,16,
546,97F29P,Julie Jackson,7NHW0VX3O5,Natashafurt,Kansas,IT,1842.33,26409,(867)203-9975x909,14,
547,SIMI14,Lisa Rich,5CPZMIG90L,South Derrickburgh,Idaho,US,7979.92,10577,+1-079-569-6570x944,17,
548,FVK1ZG,Matthew Reed,QZNH5QKOA4,Butlerville,New Mexico,NL,4992.03,57041,+1-264-796-8838x171,14,
549,SPRXOT,Mark Todd,P0CR8AKIL2,Lake Robert,West Virginia,DE,9906.28,15295,(744)797-1513x7294,14,
550,TRF6NB,William Brewer,A11FI0M2ZD,North Christopherberg,Hawaii,NL,816.34,53682,+1-207-878-9064,17,
551,58P84T,Catherine Jenkins,RZ1GBDJJ4O,Lake Bradley,Maryland,NL,336.33,14524,974.876.7986,14,
552,2RGDPH,Danielle Williams,Z4BQBNRED3,Davisbury,New Hampshire,IT,398.43,19139,934.348.0464x583,17,
553,0B1BBQ,Michael Jones,48QYBFLPG4,North Christopherport,Illinois,IT,6115.91,01463,603-905-0856x58242,17,
554,SNACNA,Jenna Koch,8DNVNDQATZ,Austintown,Nevada,US,904.61,16042,001-371-872-6975x597,15,
555,LU6GHJ,William Watson,B8P9BLAO8G,South Sara,Idaho,NL,9554.7,51658,939-970-7112,15,
556,W9ONI3,Joseph Smith,332Y8PWB15,Petersonstad,Oregon,NL,646.82,34798,176.589.6027,17,
557,W9D3MK,Mrs. Catherine Rojas,7VFGCX82TR,Port Victor,Nebraska,IT,1494.17,32048,259.391.9884,17,
558,I58E9Q,Kristi Chapman,TLSRQOE6C8,West Christineborough,South Dakota,NL,3705.01,30716,785.945.8510x37907,16,
559,O0C9VT,Suzanne Terry,5D9GK81BAN,New Tony,Montana,NL,7322.4,69278,(075)498-2405x803,17,
560,OJJZLF,Tiffany Turner,7EYLLCS8TC,Transtad,Utah,FR,9926.44,35925,331-590-1948,14,
561,YSA4FO,Cassie Richards,ODLU9IXL61,Rossmouth,Maryland,DE,2608.62,99785,(644)497-6737,15,
562,UPJTXJ,Jenny Scott,241UHAYI9T,West Patriciafurt,Virginia,FR,7298.7,31692,(306)108-8546x059,14,
563,PM75UQ,David Jones MD,9OSHZ334S3,Port Elizabethville,South Dakota,DE,5647.47,87471,001-144-874-2745x34738,17,
564,4T6L8Q,James Miller,W17TX5KWFC,Hodgesview,Texas,NL,5451.14,21730,3729088197,17,
565,F5MGGK,Dean Anderson,K4CPMUMJAU,Andersonville,Idaho,DE,7288.13,59635,(274)244-9231,14,
566,AA83XD,Stephanie Thomas,ONTIGF4PVR,Transide,Georgia,DE,6367.47,08614,642.133.0905x46311,15,
567,9TCFT9,Rebecca Lloyd,P113AO0381,Moralesport,North Dakota,FR,1548.14,99212,+1-572-169-2078x947,15,
568,XUURFS,Terry Barnes,H17L6TNIIY,East Christopher,Connecticut,US,8991.49,59196,042.879.3117x90578,15,
569,Q7XCRV,Bradley Abbott,7CS2M1V2AN,Warrenshire,Nebraska,DE,1591.98,78825,+1-122-944-5245x983,15,
570,IID3EB,Steven Carey,UE2IXTWHLR,Mooreview,Arkansas,IT,7505.19,04058,982.185.5631,16,
571,E94LKZ,Samuel Riley,1P0WTWBGJF,West Jenny,Minnesota,IT,1409.76,49590,120-816-6991,16,
572,HM11U8,Kelly Lane,EW388R4C6V,West Diana,Alaska,IT,6899.94,13685,830-025-4568x09908,16,
573,KDRGXS,Ariel Hart DVM,E6B6EDIEMW,Matthewport,Kansas,US,5265.94,56259,(201)918-4681,14,
574,CF99XL,Jessica Moody,QET1B6OGVR,Evelynberg,Maine,US,9510.49,84344,001-576-719-7014,15,
575,C4Y34E,Jared French,VO63PF5BQS,Port Justinstad,Maryland,DE,1517.29,29059,890-238-9188,14,
576,A3EWEQ,Richard Ford,Q0AW2PK8RG,Smithport,Virginia,NL,7902.36,13565,5132586361,16,
577,33I94Q,Justin Hernandez,VPJ98VKXH9,Port Hunterfurt,Washington,US,2324.31,38277,+1-056-282-1171,15,
578,37KGP4,Austin Johnson,7X5PZITE5P,South Kennethmouth,South Dakota,IT,9184.7,67293,247.339.6460x77702,16,
579,A9ZU4G,Mrs. Janice Strickland,8IPQKKB2LS,North Victor,Wyoming,DE,4297.51,88541,499-672-4083x17401,15,
580,13APL3,Andrew Lewis,SRQ4CC2600,Rachelville,Arizona,IT,8681.47,88392,959.536.4558x634,15,
581,KQ53OL,Robert Cochran,UNNKODS4TU,Lake Raymond,Wyoming,US,3991.2,17630,001-916-420-1500x189,17,
582,GH14NX,Julia Sampson,8Q4MTFFZEP,Ashleyburgh,Minnesota,IT,4350.76,74412,(743)138-5163,16,
583,53JBS5,Emily Kelly,XQPSLUWC88,East Pamela,Pennsylvania,NL,6104.97,28013,(157)585-3818x1962,16,
584,2B9Z6P,Breanna Wagner,MTQZJM83AV,Isaiahborough,Washington,DE,8079.94,66531,+1-161-296-6074x668,17,
585,HT5RY0,Christopher Wilson,0NRLZ75593,Port Jonathanshire,Minnesota,NL,4833.18,66116,847-164-5260x54706,16,
586,NHJZPQ,Nicholas Mcbride,E47MSILTKO,South Karenborough,Washington,IT,6838.5,09935,001-211-715-4232,14,
587,NDZQQK,Anita Vaughan,XU5CKF5X5X,South Victoriastad,Texas,NL,6984.53,01764,874-937-5377,17,
588,X2K07S,Abigail Mccormick,18JJAA61EO,North Nicholasstad,Delaware,DE,4345.84,59021,001-558-086-9689x419,17,
589,TIWD34,Tommy Dougherty,DS7NMMA1IY,Robertstown,New Hampshire,US,2714.38,06294,062-261-1208,15,
590,A99BCQ,Michael Thomas,XIQK09EMFD,Reynoldschester,North Carolina,NL,5880.63,08119,531-778-7898x82308,17,
591,GSBPX1,Randy Dennis,L6XDVSNUDD,Lake Shannon,Oregon,IT,6841.54,37879,(626)471-1980x851,17,
592,1T145D,Shelly Torres,B5U3PQ8UP4,Lake Ryanport,Kentucky,US,5499.94,42004,001-993-772-1881x401,15,
593,XFQYYN,Rebecca Moore,PFC3G4MQ0B,East Jennifermouth,South Carolina,IT,461.16,95708,+1-235-499-7077x513,14,
594,DC26CW,Amy Gilmore,VXSJ7FY0MT,Mezatown,Wyoming,DE,7001.62,95001,1607906356,17,
595,T2D5AC,Tammy Smith,RD16ZOSKZ6,Stacyland,Kentucky,US,700.29,71089,+1-556-801-9227x336,14,
596,L6FGB1,Madison Phillips,CUPTEAB2V5,Mariaberg,Washington,IT,4405.15,87777,001-976-843-7632x054,14,
597,625GMX,Daniel Bradley,CSM48DDE2O,Lake Jamesmouth,Tennessee,DE,9104.65,94963,733-589-6649x1774,14,
598,GBSKKC,Dennis Ramirez,AKBB8HZYA0,Karenmouth,Colorado,DE,7912.47,05432,252.822.8659,17,
599,G2LN13,Mrs. Christina Gomez,MT2P632ZCK,Sandovalfurt,Oregon,NL,1876.92,64421,+1-501-795-3005x1363,16,
600,5C334Y,Daniel Blevins,4H6AFZQTF1,New Mark,Vermont,US,4942.37,71654,116.560.7954,16,
601,N739X4,Linda Graves,7XO8E094VU,Woodardport,Michigan,NL,9572.32,81790,+1-296-289-4681x06766,16,
602,MCQDBO,Shari Johnson,BNYU22XEG8,Gregorychester,New York,DE,3333.54,71053,001-538-075-5062x990,17,
603,U853AS,Roberto Lee,2UI5O6HGJ1,Ronaldtown,Illinois,IT,4863.43,68874,001-068-956-4419x6315,14,
604,MH4NW2,Mark Ball,WX9WKKQUKF,Lake James,Virginia,IT,7626.86,83091,(409)874-8301x46837,14,
605,9WE837,Erin Choi,5YCHETQIG3,Sandovalmouth,Alaska,FR,9652.96,06930,897.614.7229x11410,15,
606,JZU696,Courtney Russell,CZL8XP3Z49,Jenniferborough,Maine,NL,4659.45,37725,001-988-695-7399x56400,16,
607,TQ11CI,Christopher White,0ZZXVG1NGR,East Karibury,Rhode Island,IT,8521.26,57472,(924)295-1307x39365,14,
608,8VS9RV,Alexis Dixon,6MD4SBTL4K,Port Maryburgh,New Mexico,US,9684.5,27726,328.136.0526,15,
609,SU1R2O,Joseph Robertson,5Q1U4BKPMR,Joshuastad,Maine,NL,6571.28,44753,633.332.6311x72856,14,
610,76OZYL,Timothy Garza,G87LFY94G0,Bushfort,Louisiana,US,9264.38,25539,291-126-2423,16,
611,AUZUVY,Melissa Owens,9LL2329XCN,Stevenmouth,Arizona,NL,8557.45,39087,+1-416-578-3309x516,15,
612,XIF3EP,Sandra Elliott,N0UD8PL545,Michellemouth,Utah,IT,6869.06,01102,657.557.9954x1588,16,
613,NYAI0M,Margaret Adams,2PCR5OWMRK,Claytonbury,Idaho,DE,720.71,96463,+1-380-870-1907x36340,15,
614,TEA95W,Brianna Castillo,TGR5ZFSGA6,Billyport,Hawaii,DE,2847.15,96975,+1-177-122-7468x7910,15,
615,3BKWDJ,David Castaneda,3MMKU34FVS,South Christopher,Connecticut,US,408.42,38976,0988455823,17,
616,613C8U,Edward Hunt,B72ZOXTHZU,New Amanda,Texas,NL,8944.36,59235,8827003810,15,
617,4UB5DR,Stephanie Saunders,UMQIRFAQFK,West Lisa,Missouri,NL,6048.18,47572,+1-845-462-1711x737,14,
618,U80FG0,Leslie Cook,UAJCLB3LXL,Hughesborough,Connecticut,US,9948.57,87168,034-614-9476x774,17,
619,DM5Z9R,Michelle Wood,7SZ397MCXH,South Frank,Missouri,FR,6564.82,87502,157-871-5868,17,
620,RLU98D,Anthony Welch,XI0M6XKQEW,South Melissa,Kansas,IT,8981.97,61902,978-197-2490,15,
621,65UQDY,Jason Payne,KC1EIID5D7,Mullinsmouth,Minnesota,US,2230.11,77184,(752)411-6795x84079,15,
622,S2LKMD,Jeffrey Galvan,OKG13B2POI,South Andre,Delaware,DE,2293.69,32142,(864)666-5626x753,14,
623,WBVY0K,Deanna English,X4AKHL6GS0,Lake Jason,Oregon,DE,4901.38,20066,001-227-483-8649x603,17,
624,61GV4B,Dr. Cory Robinson MD,IHMSU0EC4N,Bartonmouth,Illinois,NL,8589.88,75640,+1-751-741-9056x34176,15,
625,M405OE,Adam Murray,397UUDF0RB,Port Allison,Oklahoma,DE,8494.52,24900,700-779-6227,16,
626,59U662,Melinda Lester,KRCBGSD3VR,Mccormickfurt,Colorado,IT,1652.17,56874,+1-236-011-2773x2714,14,
627,2I8PYV,Thomas Thompson,OWWC0TWLQT,Petershire,Michigan,NL,6937.97,35319,(808)109-8640,16,
628,6IONXR,Dwayne Walker,J7NT1E6MNW,North Michaelburgh,Maine,FR,2247.29,82451,117-661-2177,14,
629,2IQ23S,Adam Wells,828388MS9E,North Dylanshire,Michigan,IT,9916.92,78553,159.949.6466x842,14,
630,7TTUSM,David Parker,VASOJM3YA1,Port Tylerstad,Oklahoma,NL,8742.57,97136,566.638.3231x9964,15,
631,TEA6EW,Michael Stephens,718QCC6KS1,Guerrerohaven,Virginia,FR,2415.07,99089,283-869-7714x1815,16,
632,0W40D0,Desiree Murphy,I7JWQG53TX,East Louis,Louisiana,IT,4317.76,13156,372.722.7040,17,
633,2R749W,Megan Aguilar,NLP7NGQ3SH,Lake Joshuatown,Maryland,FR,3869.32,49872,001-745-296-9083,17,
634,AH6VRY,Jack Duncan,C7NG1QLF99,Sherrymouth,Wyoming,NL,4458.4,54557,526-948-6017x71114,17,
635,PLKP3V,John Walker,JV73QX9BQ0,Josephmouth,Oregon,FR,6441.57,18037,(285)805-0429,15,
636,CX0UQG,Allison White,PP0I4BNNJN,South Mariahfort,Tennessee,FR,3178.65,26627,222-314-6816,14,
637,6Y1B8X,Jessica Parks,U5IPVN4PDJ,New Brandonfort,New York,NL,830.3,73820,877.556.1472x88124,15,
638,PDNKY0,Tiffany Hernandez,AKT47FOJVD,Jacquelinehaven,Utah,US,6303.77,47861,001-234-335-8037x56255,17,
639,WTIUGY,Peter Ramos,ZTIHMBAMUB,New Adrianmouth,Nevada,NL,9269.89,26931,+1-104-386-3414x971,17,
640,LHA98Y,Ryan Hill,IGM25ICUQ0,Colleenchester,Connecticut,IT,4817.03,53246,(193)298-6113x851,17,
641,PL0AX4,Richard Foster,GK22EHWPE9,New Lorihaven,Louisiana,DE,7452.85,58531,001-844-487-8844x1749,16,
642,9IO49L,Christopher Mcknight,QR3B6EE9VT,Shannonton,Pennsylvania,US,3649.38,65816,336-356-7866,16,
643,91OP35,Rachel Camacho,740QR9B4ER,East Geraldside,North Dakota,DE,3257.16,53154,+1-153-030-6266x6954,14,
644,CMV7NM,Cheryl Miller,0IVMGE84BF,Smithfurt,Colorado,IT,2638.17,22785,479-016-7740x2620,15,
645,647AGM,Shawn Marquez,FDANMDQ7JO,Kristentown,North Carolina,FR,3764.73,04619,001-531-484-3224,15,
646,VKMMTZ,Stephanie Randall,DEQ7TD4MZY,New Daniel,Arizona,DE,5595.65,65019,+1-623-241-5958,17,
647,Q7TB0Q,Thomas Frey,JUPK4XQPG3,Allisonchester,Oregon,IT,4568.45,25437,5536384228,17,
648,VMBL4A,Kayla Avila,RD9KBJOMBS,Port Diane,Vermont,US,6157.11,26105,+1-380-650-7820x3101,16,
649,E3CCVV,Timothy Mccarty,SHXFWGB1T1,Port Benjamin,California,US,2468.3,57963,162.661.9466x20166,17,
650,JPAC0M,Rachel Owen,2CU3BRNKRH,Palmerton,South Carolina,DE,7512.69,97716,+1-247-234-6542x30640,17,
651,WWKN4P,Kevin Johnson,URHSNRWKCN,East Michael,Delaware,DE,9566.33,32948,893-496-6273x0597,16,
652,D2MMX7,Glen Joyce,PBSWPPCCYE,South Vincent,Alabama,DE,1098.71,58605,+1-450-715-9910x1228,14,
653,6PHTW1,Ryan Mcclain,Z6IKS49VWJ,Lake Anthonyburgh,South Carolina,DE,9364.47,27818,3782197315,17,
654,NWQ2X6,Mark Alexander,H7EBT1OI33,South Dianeborough,Maryland,NL,3396.42,43540,+1-513-498-2036,14,
655,EKNUGT,Albert Leach,DLNPMBYGGA,South Taylor,Mississippi,DE,3712.09,14239,309-255-8075x166,14,
656,7C0XSY,Christine Anderson,9Y2XNOUM63,New Jesus,Wyoming,DE,9271.52,98819,409-239-5000x21255,17,
657,GUIU6N,Tracy Perkins,VVLY83O1WU,Singhhaven,Colorado,IT,8621.5,44927,677.457.9647x53208,15,
658,LUSN2O,Danny Kidd,AVNWL6Z10A,Kennethport,Minnesota,NL,5724.88,26857,798.706.7004x097,15,
659,TXFP39,Theresa Simmons,W0VM0NK74B,North Joshuafurt,Nebraska,IT,1138.3,68100,732-259-4117,16,
660,FTQZFH,Matthew Sanchez,MOAXIU1L3V,East Adriantown,Michigan,US,2408.93,71642,+1-990-673-8313x2957,14,
661,OJLO5E,Mr. Johnny Watson,TOPW1H8ZMN,Johnfurt,Arkansas,NL,166.67,16248,001-849-611-7094,14,
662,W4O7AL,Micheal Frederick,C4H4EO0P97,Sarahview,Rhode Island,DE,470.73,66987,303-411-3282x62775,16,
663,QC72NS,Lauren Malone,X64D2GSQ88,Baldwinborough,Kentucky,DE,5662.24,67066,928.103.5872,16,
664,NNQ126,Nicholas Mcdowell,EORUGOAJ4S,Velazquezbury,Minnesota,US,8038.5,88311,524-813-7265x4820,16,
665,SMBO8X,Michael Brown,HME5IQ4TRJ,Lake Michael,Minnesota,NL,5746.61,44986,4389230578,16,
666,A4818S,Gregory Nelson,VNXVQ7A4QB,Lopezton,Texas,NL,4216.5,50467,331.725.2382x674,17,
667,9LGIHM,Bradley Alvarez,S28XZTTLUF,Ericafort,Michigan,FR,4139.6,84623,(928)717-1551,14,
668,LCRETR,Elizabeth Mcmahon,6PRKCA0U0E,North Reginaldchester,Ohio,DE,7301.12,35412,508.011.0308,16,
669,TG8PGR,Donald Lara,SMUI8WPTQH,New Brian,Texas,IT,3855.26,67054,001-331-676-0467,16,
670,9TOMYM,Derek Hoffman,TTR8PRYTG9,Brandonmouth,Illinois,DE,3414.98,68461,+1-166-472-0534x743,16,
671,2O6832,Melissa Saunders,MYMX2O4XY6,Tabithastad,Colorado,DE,6321.19,49119,+1-456-194-6135x36671,15,
672,J69CWT,Angela Peterson,F89NXGY09Y,North Patrick,Kansas,FR,6781.58,12387,684.478.2221x025,16,
673,R3Y7DK,Lisa Hamilton,04T7YC7S4D,Castilloton,Washington,DE,1943.47,93105,105-375-6268x5217,15,
674,75DROD,Derek Gibson,ZUB7IXARBP,West Lauren,North Carolina,IT,8869.86,83517,250.963.2625x10629,15,
675,1FV7D8,Brittany Tucker,EEJFBCE9HN,West Lauren,Rhode Island,DE,7080.29,33277,(606)673-8449,15,
676,QOWSWD,Eric Martinez,CD1HGC75ED,South Michaelland,Idaho,IT,9894.58,79519,(576)385-4114x7037,15,
677,RNQFFH,Charles Smith,0JGY4T0MFU,Carriefort,Ohio,US,4808.54,68398,001-323-135-0735x9112,17,
678,BSF7EV,Leah Benjamin,TFUWP8TV5V,Deborahhaven,Iowa,FR,3482.1,67431,0161981365,15,
679,ZSZE7R,Teresa Richard,OP6TH5UKL9,Moralesmouth,Pennsylvania,NL,919.74,19566,934-703-0215x7775,17,
680,5I4LYZ,Amanda Mathis,GH22TZO10B,North Audrey,Delaware,FR,1853.02,83268,(869)671-2124,14,
681,X0U4KS,Mark Nunez,SYFCT0CA3X,Dunnborough,New York,IT,9464.95,47510,287.830.7435x808,16,
682,YNTXB6,Brenda Carter,PD39UG0EEW,North Kayla,South Dakota,FR,2397.68,83205,081-823-5682,15,
683,5Y07US,Daniel Rogers,RULGS502NP,Osbornburgh,Illinois,FR,6934.61,11897,+1-179-501-3986x91539,14,
684,AIEKRX,Mark King,SMTK8918JK,Lake Alan,Arkansas,US,3148.47,14272,134.141.2075x2917,14,
685,MIEU9Z,Jessica Morris,PAYDTLGO4L,Parkermouth,Florida,IT,6078.69,85781,452-820-0987x58581,16,
686,WZ6I00,Melanie Frey,WVEDCD7GXT,Andersonland,Vermont,FR,2398.51,09604,+1-073-761-4159x8205,17,
687,85FORC,Megan Johnson,2N3G74A2KS,Englishtown,New Hampshire,NL,1102.49,83845,(023)252-5000x15339,17,
688,CXGK17,Christine Williams,QS3TZIC2ZB,Simpsonshire,Louisiana,IT,1755.42,40802,(887)758-5686x7651,16,
689,43LRDQ,Kristen Gregory,2NCRR2KLT4,Lake Jeffreyhaven,Rhode Island,FR,4033.87,31369,001-917-380-1951x7835,15,
690,BQHDH0,Linda Kim DVM,ENZSLNKVVD,South Davidtown,Nevada,US,5493.96,94780,(266)355-7411x109,16,
691,19QPT9,Mr. William Bowman,5IQH8YT6R4,Meganberg,Ohio,DE,4619.89,87569,001-900-3864x52491,14,
692,NK9ANQ,James Armstrong,KTLZTGHG8G,South Jennifermouth,Montana,FR,7847.78,70865,790.839.9328x665,16,
693,60IJG6,Catherine Robbins,QT2KP4FU2M,Colemanstad,Texas,US,8558.61,01611,556.033.8251,17,
694,BWABV0,Olivia Gonzales,IV0CWSOMZZ,Langhaven,South Dakota,NL,9633.65,26442,732-108-9704x23428,14,
695,V3DIX0,Laura Zimmerman,E64G73JRGQ,Allisonfort,Hawaii,US,6413.54,87903,957-862-4975x1447,16,
696,J8ESO9,Grant Mccullough,N64U7X2ZJQ,East James,South Dakota,US,1744.04,29691,939.715.7707,17,
697,H1LDQC,Lauren Buckley,DP4AFOADZL,Port Kennethchester,South Dakota,US,3690.83,48561,5156935749,17,
698,8ALLK1,Jeffrey Heath,HHZ5MVV1FY,East Codymouth,Maryland,NL,3852.14,56199,735.318.2763x564,17,
699,HFQH94,Amanda Medina,4K7EKE3O9O,Johnsonmouth,Alabama,US,990.14,73426,001-687-194-5233x47446,15,
700,3OM4SI,William Brown,NYG31YJW9Q,Brandybury,Arkansas,NL,1756.71,64375,103.055.7355x0112,17,
701,4ATH4T,Raymond Chapman PhD,IOT2NFBZ42,Patriciashire,Wisconsin,IT,4210.09,95104,287-972-5786,17,
702,ZHJ2HT,Sarah Bradshaw,LHYQUS8UGZ,East Edwardburgh,Colorado,FR,6686.88,49624,724.470.5870,16,
703,CAC7G9,Carlos Grant,3PQW63SY46,Coopertown,Alabama,IT,2683.29,23174,(507)796-1959x07390,14,
704,CKEFQH,David Wolf,6YOLH4NWT4,New Kevin,Arizona,IT,3378.82,20681,+1-745-467-4553x372,14,
705,LMPS4Q,Cynthia Brown,4NCP4E6FWQ,Gomezland,New Mexico,US,7684.34,76474,001-410-115-1369x91614,16,
706,X5WI1W,John Howell,IPS2XUGFYC,East Lisa,Kansas,US,7608.56,31756,(617)278-6624,14,
707,9UFWJI,Matthew Phillips,LPJFJXH7CU,Millsland,New Mexico,FR,6393.3,76465,531-901-9564,16,
708,6374XL,Paige Wolf,PG68PQ3YG2,West Jerome,Pennsylvania,DE,4321.89,97084,(780)796-5089,15,
709,OXPV2E,Charles Wright,27KYFZ7CD8,North Juliachester,Nevada,IT,947.27,37996,001-394-600-7647,15,
710,DOQTL5,Monica Diaz,KGEBK5N453,Karenfurt,Connecticut,NL,5355.57,29542,562-451-5249x776,14,
711,JBJQ1W,Kirsten Cox,G2NVL7JG2F,Lake Erik,Oklahoma,FR,8988.75,08236,5219929262,17,
712,QS2IRX,Elaine Mann,KM8TD40HMZ,Perrymouth,New Jersey,NL,7532.01,96214,329.638.1125x6222,17,
713,1TDFBM,Isabel Garcia,8UTOED3PIU,North Sarahtown,South Carolina,DE,8839.93,89600,714-690-7877x2874,15,
714,NQRPQ7,Michael Peterson,6C25BUUX8N,New Caitlinmouth,Rhode Island,NL,6359.92,02578,+1-635-755-4811,14,
715,4XRKZC,Rebecca Santos,0OTJ5WL4KV,North Howard,Hawaii,IT,4524.52,34554,(410)779-4493x127,17,
716,IQMYZX,Sabrina Sims,AUO5GZM76H,Camachoside,New York,FR,649.83,79904,+1-766-542-8179x5109,14,
717,625E6P,Robin Williams,B579EA7ZU5,Mckenzieside,Idaho,NL,2051.02,13444,828-842-5518x1005,15,
718,2X81Z2,Krystal Johnson,TAY6G3H9YS,New Gabrielle,Iowa,IT,3441.21,66636,+1-620-118-5240x9346,14,
719,QQD0O6,Lisa Hawkins,0PNQXW1VD4,Port Matthewburgh,Virginia,NL,3580.36,28062,001-625-002-2946,16,
720,2KSP0M,Katherine Travis,0ZDMP6K47V,Sandovalhaven,Utah,US,9822.53,92014,+1-005-306-1469x21406,16,
721,MW5W4G,Charles Fisher,FYKFRL82QA,West Faithside,Idaho,IT,7301.47,80991,(085)894-1664x395,16,
722,JWAB7R,Justin Marquez,GJPVFEFYDV,South Luis,Alaska,DE,8235.0,09603,+1-430-887-6624x431,16,
723,BIZTWX,Michelle Spencer,51VSD5OJKM,Tinafurt,Oregon,DE,3734.15,07921,001-752-554-1721x063,15,
724,W00YYU,Brittany Dickson,FOFQP8XO2N,South Heidimouth,North Dakota,DE,9964.78,26800,001-951-680-3847x3476,14,
725,UKP2WV,Mrs. Amanda Blankenship,FRHR1QCQV5,Mendezshire,Vermont,DE,4018.45,31985,156-102-8741,14,
726,DNO76N,Jason Gonzales,MWOWX04ER5,Harrisonshire,Wyoming,IT,9910.23,17032,+1-549-701-7452x46809,17,
727,9QW46E,Renee Landry,IYQ53DT2WC,Martinberg,Massachusetts,NL,1944.04,98896,001-932-749-2966x1280,14,
728,F7S4K9,Susan Paul,VQBX1B73RJ,Kingshire,Texas,US,7226.56,37420,748-736-4655x5302,16,
729,7S58WS,Patrick Pineda,DSAMYFBEY9,East Connieburgh,West Virginia,NL,4126.5,27916,(380)922-9787,15,
730,JCO136,Mark Hill,IMKQAEJMJQ,Chenmouth,Vermont,NL,7132.23,31731,(477)248-6589x842,14,
731,RXDY0G,Jessica Peterson,H0O6A5939H,Keithville,Oregon,FR,5563.45,08506,312-048-1005x36902,15,
732,8CKKTQ,Vincent Thornton,4Y1G3AY51T,Amyburgh,Nebraska,US,3554.56,08118,297-144-6582,17,
733,50STWH,Elizabeth Boyer,3QB9S3W7QB,Butlerchester,Arizona,IT,2134.53,73693,001-602-941-2705x16873,17,
734,O1TQU3,Kiara Walker,9ZNL9BX1J6,Sarahburgh,Kentucky,US,157.52,20157,131.898.7370,14,
735,JUNEPE,Joel Smith,CS9TTGGWFL,Yuside,Washington,NL,6232.02,70165,263.364.1800x78562,17,
736,CP2QCY,Timothy Mills,20AAPI2BTP,Port Donna,Wyoming,IT,44.07,76703,+1-304-061-0751,17,
737,LKSI2S,Sean Torres,U9ORAL40A7,Angelaside,Minnesota,FR,1145.45,76442,+1-622-805-5728x5149,16,
738,28N77V,Angelica Collins,5BMR11O0CO,East Craig,Delaware,FR,8726.87,80665,643-898-7887x7994,17,
739,SKLES7,Michael Bradford,RR7CLZF9UU,New Anthonymouth,Florida,US,845.31,44766,(469)842-0513x8705,17,
740,HI1Q8L,Raven Dodson,IR0QUAW6TW,West Jacksonton,Ohio,US,5540.07,34195,+1-172-711-6380x65022,14,
741,4BJNG6,Gerald Lyons,K6VDNQN0MW,North Williamberg,Michigan,FR,5955.74,75414,495-200-4726x4293,16,
742,6QM86L,Larry Davis,BOZ2SOA6SE,Johnberg,Ohio,DE,1607.37,76625,001-533-864-1560x0407,15,
743,7WXL5F,Aaron Ross,PRP4NVZYN8,Nataliemouth,Wyoming,FR,3034.99,22866,211.448.9671x30915,15,
744,DJT7IK,Gregory Dillon,99OME1BNO1,Welchmouth,Minnesota,FR,9105.71,54327,(520)022-2010,15,
745,JAC13M,Alexis Clark,VICJ91SD8O,Stacyberg,New Hampshire,IT,9449.65,39763,001-819-577-8433,16,
746,N1P28Z,Dustin Lee,ZYW356RHPE,Lake Latoyaland,Illinois,DE,5079.7,52415,+1-268-066-5693x420,16,
747,CQICE1,Kimberly Dixon,TQT04HPKDQ,Christopherland,Alaska,FR,4920.39,33910,(708)365-1831x63617,17,
748,AKLQHM,Randy Washington,NTBPG0LD2X,New Maria,Pennsylvania,IT,5538.03,20071,+1-142-595-3212x37850,14,
749,B9ASS3,Wendy Mitchell,H2BWKQ10D1,Donnafort,South Carolina,IT,9397.36,53291,+1-547-633-5663x4672,17,
750,S389K8,Abigail Lara,2T0ANO80VX,North Timothy,Colorado,US,2992.96,65634,0234476888,16,
751,M02T59,Patricia Fox,4QIWO7FIQQ,North Pamela,Colorado,FR,3041.2,71038,770-760-7114x5498,17,
752,NGZJ47,Jeffrey Flores,0AM2U5KA4O,Ramirezbury,Colorado,FR,960.25,54279,047-385-5982,14,
753,52IRA7,Frances Powers,WMM00SKUCN,North Amanda,Mississippi,DE,5468.16,32462,+1-452-099-4351x851,16,
754,0JF4WK,Zachary Martin,7UHAGHJNWL,Phelpsborough,Florida,NL,5686.83,09829,097.259.5765x393,17,
755,BYA4L1,Mark Carrillo,Q11X1ATH4V,West Nancystad,Louisiana,NL,6898.51,79015,013-587-8863x5752,16,
756,5TL14D,Sonya Boyd,5QU2FWK46I,New Adamburgh,Arkansas,NL,425.83,66231,(418)542-0541,17,
757,UNYCQI,Angela Alvarado,SJVF94TDXJ,North Connorview,Washington,NL,1882.23,81340,5738644978,15,
758,6NH2R7,Russell Wade,MGUPGT7MFL,Port Raymondland,Tennessee,FR,469.82,38589,(517)876-6341,15,
759,1SPR4Q,Christopher Garcia,62OGQR5DYN,Lewisview,Kansas,US,1602.71,82324,+1-464-975-3835x42418,14,
760,UESIDF,Joseph Miller,6AYIO9LTLY,Johnstown,Alaska,FR,9178.23,27453,+1-155-937-0577,16,
761,G7XX7U,Jack Fox,9FV5BISSGF,Michaelside,Hawaii,NL,6143.09,90741,640-286-7752x2554,17,
762,NP44JV,Rebecca Garza,6AUFPQBS6H,Lake Leslie,Rhode Island,NL,6910.03,94252,+1-786-122-3165x86100,16,
763,B1X324,Chris Smith,3QUQI3VKGT,Smithland,Tennessee,FR,7318.16,77393,+1-005-732-4892,14,
764,KTS067,Angela Bradford,9JT6INIAKB,Pinedachester,Colorado,NL,7642.8,75404,(108)444-1379x9812,16,
765,F70C69,Francis Dunn,QNRD7DAWTK,Bishopstad,Texas,IT,7191.23,35554,(457)959-9868,16,
766,QRV63Y,Kimberly Murphy,455ONNZZ8X,Thompsonville,Virginia,US,589.24,50032,749.145.6142x505,14,
767,L6Y661,Brett Hodges,F5II7MW5S7,North Laura,Indiana,IT,9998.95,17280,363-910-4810,17,
768,DT68ZN,Stephanie Morris,O400WIFBZH,Lake Randallberg,Florida,IT,9463.71,03570,(764)810-5970x33452,16,
769,VWHPHG,James Allen,HOQXJVLPJC,West David,Montana,US,6917.67,04299,001-129-206-8114x04138,14,
770,Y7A62B,Kevin Castillo,K1VWO5J7LO,Lake Jared,New Hampshire,FR,2246.43,58490,+1-321-272-1222x404,14,
771,NAV07S,Christopher Hardy,TU69SNFV6B,Leeshire,Wyoming,DE,4428.18,64503,+1-869-738-9897x3515,15,
772,1Y53S9,Beverly Sims,TLMLCXR8I6,New Reginastad,North Dakota,NL,9150.07,98476,721.847.3919,16,
773,QWU31C,Nancy Phillips,5VJYU48L54,Rodriguezview,Illinois,IT,3926.07,66960,285.605.4937x5759,15,
774,JX9KD1,Matthew Ritter,A0RH7Q7F07,Millerberg,Arkansas,US,3264.92,92465,(400)843-6886,14,
775,RC167E,Ashley Salazar,F71Y1UDXH6,Port Edward,Illinois,DE,4567.44,35598,6004974647,17,
776,HOCWVJ,Catherine Anderson,G5MLQXHQNM,East Joseph,Virginia,NL,443.18,84185,+1-844-484-1465x943,15,
777,GC50VO,Ronald Rogers,NJVKHN87QO,Markstad,North Dakota,FR,7595.26,41945,045-905-3280x1793,17,
778,15RTMD,Gregory Spears,98KEIOXXPW,South Tylerbury,North Dakota,DE,6533.4,16284,519.725.2837x52969,17,
779,3181U1,Donna Davis,CI14AIIAB5,Jacobmouth,Connecticut,DE,2648.93,74651,(011)649-0754x938,16,
780,OU333P,Brooke Jones,JJDBOSOE9H,Wolfhaven,Kentucky,DE,9400.75,60576,(954)071-4333x284,14,
781,D03YXY,Mr. Thomas Phillips,YMLUZ2U1UM,Nixonville,Delaware,IT,1950.23,34338,(931)584-8437x997,16,
782,VTJEBK,Ricky Preston,UENB4MCROT,Port Dana,New Hampshire,DE,7596.66,42824,119.750.7778,16,
783,LF4L6Q,Christina Stuart,2TKA2DIHT9,New Briana,Wisconsin,NL,8131.95,71992,512.776.9681x2986,17,
784,M4PSQS,Alexandra Wilson,HY4NTTNWTJ,Samanthachester,North Carolina,NL,7600.28,25238,(228)378-3996x27377,14,
785,NCAVV7,Jessica Grant,4LZ56HFPFU,New Michelleton,Vermont,US,9095.04,71590,001-832-023-9586x5792,16,
786,57M9MJ,Dylan Thompson,W1HVB0K9JC,New John,South Carolina,FR,6472.66,11776,+1-747-580-9929,16,
787,7051QX,Michael Allen,2YSNHPXEPW,South Johnport,Minnesota,FR,3996.14,79273,6963392460,14,
788,3BS3FY,Brent Harris,ISAVA5Y4NT,Port Kevinland,Texas,FR,8261.75,31245,841.010.6486x899,16,
789,AYAPPN,Kelly Williams,NA8XP2LQIP,Lake Juanstad,Arkansas,NL,6230.85,44264,503-024-5405x664,17,
790,NNB1LD,Brandon Strickland,ELG504880J,North Elizabeth,Iowa,DE,4197.79,14019,831-092-3889,16,
791,EH3OJ4,Steven Brown,MR9F1VMWJP,East Jeffreyville,Maryland,NL,168.64,96553,(342)080-6644x95570,17,
792,501MBT,Kelli Dougherty,5BFSVEVU6Z,West Nicole,Louisiana,NL,8106.61,27557,(634)466-3753,16,
793,H058KB,Michael Manning,6E88CLMQCK,Lake Sydney,Kansas,DE,645.4,89228,(507)232-9954,17,
794,5C9BAT,Julian Mendoza,ISZ37DRUQN,Lake Matthewmouth,New Mexico,NL,8812.7,51066,3686573275,15,
795,YP1Y16,Kenneth Lopez,BGHNFI1230,Cynthiafurt,Wisconsin,IT,4035.14,32487,268.737.1992x43360,16,
796,O85CVI,Dana Smith,BYOU2RC9TG,Port Craigborough,New Jersey,IT,6476.6,50714,+1-488-862-9328x93838,16,
797,VKDFUJ,Robert Becker,UTA69SOEPI,New Kylie,Connecticut,DE,9803.57,56926,001-774-281-5367,17,
798,JBXHII,Austin Pope,TDPLOZC5Q6,South Christopher,Kentucky,NL,7127.42,67574,403.338.1251,14,
799,TJEHCX,Russell Davis,6O72J8RZGP,Taraton,Pennsylvania,NL,699.26,28402,636-169-0798,14,
800,57IXMX,Thomas Obrien,PHX5VTX23N,Michaelchester,Louisiana,IT,1835.84,81478,001-367-673-8459x50919,14,
801,KJH79M,Joshua Sims,WD87PML5JR,Dianafurt,North Carolina,NL,6958.91,25694,933-550-8735x5396,17,
802,VAJFWX,Robert Hunter,MRRP7EHC9R,Jessicaside,Idaho,NL,7344.15,70890,(477)194-6409x2983,14,
803,OEDTUT,Tina Wilcox,LXCXPZI73S,Swansonfurt,Minnesota,NL,9716.19,35295,(940)297-9087x4762,15,
804,UDFJMN,Brittany Brock,341M4M0NFV,New Becky,Kentucky,FR,8712.88,23862,979.960.4229,14,
805,I5EYCG,Natalie Lopez,OJ6PZH7PN2,New Richardmouth,Texas,IT,2539.47,92976,8293508158,14,
806,2WQIJN,Michael Brown,9XUNM7G4QG,Matthewstad,Delaware,FR,2793.9,45779,(139)882-5036,14,
807,EF96AA,Justin Oconnor,RFKQR9JWY9,Michaelchester,Arkansas,NL,7692.22,49771,001-812-780-4091x6886,15,
808,P59QNU,Audrey Chavez,MIBP40N2BG,Port Timothy,Oregon,DE,6844.55,25127,001-288-964-6986x6104,15,
809,RG5YZP,Stephen Diaz,AE0HVHL2MU,South Jason,Ohio,NL,8424.09,29706,204-967-5238x839,14,
810,X41LD1,Zachary Bray,DFJ7K4VA7D,Lake Marvinmouth,Mississippi,DE,5021.82,78556,0306561791,17,
811,HZR5U5,Mark Morris,G1F4KOZSS9,Elizabethland,Ohio,IT,669.29,83740,489-159-0123x50922,16,
812,LMRLCS,Mary Bell,0T8KBQFFDE,Richmondshire,Louisiana,NL,896.39,00733,+1-114-280-5779x8635,16,
813,I4VTYM,Roger Daniels,SK165G624W,Stokesport,North Dakota,FR,2207.63,57159,+1-846-058-4214x05755,16,
814,UAU7YZ,Cassidy Sanders,VT97PT6NFF,Ritaborough,Arkansas,FR,2875.42,68110,+1-263-396-0005x8363,16,
815,LP5SJO,Daniel Gamble,UX2ZOJ4GEF,West Carrieton,California,US,6799.22,68053,760.439.9577x7285,16,
816,TY4M8D,Cassandra Crawford,1OI3QRQU7S,Haysberg,Tennessee,FR,694.14,48237,001-380-112-7583x164,16,
817,O2A2WJ,Rebecca Hernandez,BQ1WOEF52G,North Meganbury,Texas,NL,5426.21,38600,604-561-5048x7522,16,
818,QNTH1S,Benjamin Medina,AEDEIFAFME,East Williamview,New Hampshire,IT,8896.1,34194,(210)516-4081x94212,17,
819,DG0EGS,Timothy Floyd,CV8P9UWCWC,North Philip,Idaho,DE,2640.18,75471,001-024-894-6083,14,
820,P603VZ,Charles Campbell,YZJ9U2C2PD,South Jeffrey,Arkansas,DE,1431.61,67741,258.484.7457x6968,17,
821,X7JB5E,Terry Ibarra,BXRVZO8DDE,Kendraland,South Carolina,IT,1413.68,14649,545-420-0752,15,
822,X2YWQX,Karen Vance,NL36R7KD28,West Bethany,Texas,DE,8749.03,56244,740.781.1309,15,
823,NZST9E,Charles Henry,X2D6JLGEAY,Lake Timfort,New Mexico,IT,5074.97,82040,(859)512-0935x2475,17,
824,B2GWYM,Alvin Guzman,2HLMY1ZTRC,Michealside,Maryland,IT,3722.19,36761,634.405.8973,15,
825,8JPU00,Timothy Stewart,1VP7EH47UF,Mackshire,Oklahoma,FR,8771.86,83642,+1-438-247-9823,17,
826,YVGAX6,Veronica Jackson,XD0FW29FNM,Robersonmouth,Tennessee,FR,6901.18,93679,979-306-1796,15,
827,9G2FN5,Joseph Barton,MNDBKVWV6G,Pottston,Alabama,NL,8130.97,44219,427-350-8204x87736,14,
828,CMKLY2,Bradley Williams,9YAPGUQ70D,Beverlybury,New Jersey,NL,4591.96,02006,7905979291,16,
829,5ZCCEV,Robert Taylor,XVYNFQWX1P,Natashachester,Pennsylvania,US,2632.85,97644,001-390-883-9624x84028,17,
830,764FXZ,Nicholas James,IJF31FQBIE,New Jose,North Carolina,DE,3606.41,57666,275-768-7866,16,
831,GG09PH,Richard Bailey,638SF5CV31,Wongfort,North Carolina,NL,2608.76,90866,(622)070-4543x37432,14,
832,AGGYZF,Paula Melton,K9I6J7QMS4,Julieside,Kansas,US,1243.16,65831,570.075.2788x4398,15,
833,NNLVJA,Matthew Wilson,UCXK3XZXM6,Port Clifford,Louisiana,FR,8109.69,86417,949.419.5522x81280,17,
834,9BGRWF,Maria Cummings,7VUTSUD9GE,Jenniferfurt,Colorado,NL,7225.96,65911,001-467-497-4712,17,
835,FAAMP1,Jack Murphy,GLP6QKAKB1,North Joshualand,Arizona,FR,7448.61,84050,+1-118-313-0889x938,17,
836,9DUUA2,Benjamin Tran,FDW6Q7J5CQ,New Katrina,Hawaii,NL,6435.73,23551,998-170-3516x314,16,
837,VHUX4E,Renee Hall,H5NBDHYDIQ,Garciamouth,Arizona,DE,3946.45,96912,001-518-648-2513,14,
838,J1WJ2R,Victoria Burton,AD20T874K9,Briannastad,Washington,DE,9003.55,84889,101-991-7443x66076,16,
839,RNCFVA,Raymond Sims,EAP706XCPK,East Russelltown,Maryland,DE,7709.27,95508,001-367-114-4308x53406,17,
840,94YFAN,Antonio Garcia,RMJEFRN9D5,Lawrencemouth,Maryland,NL,4389.87,80698,237.263.2332x7790,17,
841,40SW7V,Douglas Cooper,NISL7ZSKJW,West Ian,Texas,IT,7479.35,55202,+1-734-727-6300x357,15,
842,RLHW8X,Joshua Manning,1FNK96MHZ8,North Danielle,Oregon,IT,4545.24,57591,520.211.7239,16,
843,ZGRW5P,Juan Miller,YQ6KUK6W56,Elizabethmouth,Vermont,NL,5543.04,92664,001-459-807-3963x9670,14,
844,KGR1KI,Tonya Tucker,ZSH7MQQ5TY,Port Gwendolyn,New Hampshire,FR,2476.97,55350,475.424.5393,14,
845,UYM975,Kayla Li,0UOI42I5WU,East Teresamouth,Pennsylvania,IT,557.72,13577,271.101.7727x92252,17,
846,N3AM9S,Angela Lee,3JQQ59O1U8,Hicksland,California,DE,6228.24,07898,266-030-0218x1846,17,
847,17KDMQ,Alexander Baker,65M6W7I5K6,Smithview,Connecticut,US,5650.92,07426,968-347-2420x6518,14,
848,42O9C3,Heidi Wilson,79IC2AZTKB,North Hannah,North Carolina,DE,5602.69,24100,1185038230,17,
849,42QPVU,Courtney Bridges,Z9U91MBSRE,East Nancy,Washington,DE,7940.71,26107,972-413-8739,16,
850,8GA5D3,Jacob Tyler,FLV86VP8SM,East David,Arkansas,NL,81.96,04268,121.936.9412x663,15,
851,OP053F,Teresa Cobb,R7H6UMCCUJ,Port Lisatown,Texas,NL,5104.41,24398,3334952151,15,
852,3O4HXF,Tanya Horton,6NJ00CWVS3,East Jenniferton,Wisconsin,FR,5631.35,40738,(551)163-3308x69827,14,
853,IXRRPM,Joseph Harrington,U9Q0SC0CMK,West Rebecca,Nevada,IT,4681.32,74540,0501499214,14,
854,S48ZL4,Matthew Frank,WJ5CC5GHGF,North Alexisside,Alaska,US,1146.11,33647,(083)723-2659,16,
855,DXRBKY,Timothy Garcia,R742TW5S2E,Noahbury,California,US,3677.97,15206,+1-328-790-7626,15,
856,3HBJIA,Theresa Sullivan,AC4VTXHUQD,Lake Thomas,Wisconsin,NL,3634.2,34233,794-476-5449x11582,14,
857,DF9ZVQ,Jordan Castro,0Z9QS4LBCW,Seanfort,Georgia,NL,4465.79,59416,408-495-7777x318,17,
858,51PZHA,Kevin Obrien,LYC5Y1CMYM,New Heidi,Vermont,DE,4824.53,07106,853-744-8391,15,
859,0HQT8U,Jerry Henson,JB8YBJZHYV,Lake Annaton,Arizona,IT,1967.63,71262,+1-270-970-1434x55087,14,
860,G0XX4B,Julie Brown,XUL3LBSDSU,Lake Dustintown,Maine,IT,1324.37,94056,077-906-9237x342,14,
861,DU1SHA,Cameron Allen,VTVIFJ7HC8,New Brenda,North Dakota,IT,1791.21,39483,1983257555,17,
862,IKX074,Jessica Browning,9KWTF9THWT,Nathanbury,Nebraska,FR,2868.13,96771,001-988-333-7189,15,
863,GURRIW,Sarah Munoz,4GGQDXOP6J,Jamesberg,Pennsylvania,DE,9241.11,74071,(262)507-3629,14,
864,LGUZN7,Isaiah Brooks,9FJLOPB66N,West Peggyburgh,Kansas,DE,2127.35,30417,126.287.8135x0599,15,
865,RHI00W,David King,M5F72AZB26,Jeffchester,Indiana,DE,8363.14,17337,001-942-967-3445x6714,17,
866,K5D6EO,Nicole Cobb,2J2455PMO6,Justinbury,Massachusetts,FR,7877.19,63992,(628)067-0034x87579,16,
867,YQLMG2,Sharon Decker,70PC49KO16,North Kellieburgh,Minnesota,US,1389.25,89737,(910)865-2440x9181,14,
868,QKGO8L,Louis Davis,P78D10H5QT,North Melissaburgh,Missouri,DE,7563.33,82371,(539)616-6996,16,
869,PF87ES,Jennifer Ortiz,HDIXS9OT0T,Melaniefurt,Kentucky,FR,3195.61,30140,+1-644-237-6692,15,
870,C7473M,Karina Wade,BTIDZKYJDJ,East William,New Hampshire,FR,602.61,77141,+1-399-921-8424,15,
871,ZN5OWY,Stephanie Schultz,FNL681UH3N,West Gregory,Indiana,FR,2231.59,45786,196.469.4047x920,17,
872,JP4AYS,Noah May,ZOFRPSB9HY,Tiffanyfurt,Hawaii,DE,4164.22,70023,426.231.0649x0283,17,
873,L9JBTT,Nicole Owens,NJXHI8FAUD,Hayesbury,Colorado,DE,4773.89,60817,490.588.1084x76985,17,
874,NMYIDB,Jason Brown,G23AVD69KC,Melissachester,Missouri,US,3310.76,91285,001-786-205-0768,16,
875,61CAKV,Megan Moore,DFXZEXAT42,North Davidberg,Pennsylvania,US,9699.34,34359,805-663-8215x94541,14,
876,JGZPDQ,David Carter,QF6GC0LCMH,Debbieborough,Michigan,NL,1783.9,74870,(086)077-7583x1110,14,
877,4VL6GW,Michael Rangel,RQ6U55J3QK,Martinbury,Illinois,IT,6461.68,26527,(306)679-6563,15,
878,8RES3Y,Candice Taylor,0MKT7OYBAW,Port Susan,Texas,US,9271.49,82189,928.842.2842x752,14,
879,4K5B28,Thomas Wilson,7PA47Y5W4F,Taylorborough,Kentucky,IT,1644.33,84172,(224)179-2021,16,
880,HV0PWJ,Tonya Sandoval,J1YKBR5GAU,East Amy,Delaware,DE,7147.6,20331,201-662-1612x0854,17,
881,DUG9C2,Jessica Gonzalez,KO44QH0C8T,Franklinberg,Georgia,NL,4242.44,45029,552.689.9614,14,
882,MDDRZJ,Kimberly Byrd,0O3ZWYHE33,South Gregoryton,Connecticut,IT,7808.02,24142,+1-300-977-7057x6167,15,
883,SQLDY5,Christopher Edwards,H2G37WII1C,Lake Rachel,Arizona,US,9458.23,10399,(857)015-0863x60047,14,
884,LU9W7A,Tanya Malone,0JKRNQ8PV9,Jonathanborough,Connecticut,IT,7946.61,50150,+1-735-421-8405x485,14,
885,QO9IRP,Anthony Torres,YJFIF9IO15,Romanstad,Michigan,DE,2049.68,43187,(817)070-8191x306,15,
886,WWQZNN,Bianca Lambert,4D8H901M23,Douglasside,Texas,DE,6747.52,77309,591.552.0697x37256,14,
887,DQ0QQS,Adam Stuart,NE7IN318FN,Bellbury,West Virginia,NL,484.77,77141,797-575-9348,16,
888,GBX6K8,Anthony Mcbride,JT2626ORSM,West Danielfort,Montana,DE,7168.37,22924,9595243312,17,
889,672ODU,Teresa Gonzalez,IQ5CUMAL9T,Kathyhaven,Minnesota,NL,1186.13,23738,184-043-1237,15,
890,XFETVR,Tyler Johnson,C4YH1PE82D,South Connie,Arkansas,IT,3155.35,36711,(166)129-5409x99596,15,
891,P889KM,Hector Obrien,7SO3Z6OKJK,East Matthew,New Mexico,US,4415.67,08744,(769)266-9277,14,
892,LTVN3U,Jeremy Thomas,4LQDFLS35D,Jonathantown,West Virginia,US,7451.42,17554,(166)017-6303,14,
893,MGQ25F,Tyrone Martinez,F9HN1RNOQ3,Collinsshire,Illinois,IT,2413.96,49233,001-088-157-4831x5492,17,
894,K06GZW,Mary Austin,RSBL3U5M8G,Pinedaland,Kansas,DE,8968.49,37130,001-261-461-0710x51403,15,
895,C65TYU,Christopher Schneider,X8VXJETWRX,Kathrynton,Oklahoma,DE,8976.34,88848,(339)837-1316x87208,14,
896,LCK21U,Alyssa Stone,BIMCDXP2JV,New Jeffery,Oklahoma,US,2648.96,29114,138-225-8217x062,17,
897,R6Y04F,Stephanie Mcpherson,VJ1WSKNSTZ,New Johnburgh,Florida,DE,4923.85,48405,+1-475-387-5129x187,15,
898,5JVVPM,Steven Hall,1126SH7Z12,Destinyfort,Michigan,IT,572.86,17384,558-960-0014x054,15,
899,CBV8K7,Sheri Davis,JGNQZ4JRCY,North Kevintown,Ohio,NL,6297.47,64814,249-647-2326,16,
900,HFVMWW,Eric Foster,GH47F9XA7F,Lake Makaylamouth,Washington,DE,7940.94,41999,001-489-422-1798x8264,14,
901,UXSXWL,Tanya Johnson,89XNSPEO0B,Sarahside,Maine,US,230.59,90616,001-778-365-7222x802,15,
902,CVKEA5,Lisa Kirk,1ZJY7PH6Q6,Karentown,Pennsylvania,DE,7971.4,50112,667-780-8014x3123,16,
903,BCMRLP,Wendy Gibson,NIYM17CEIC,Marieport,New Jersey,DE,172.53,22780,8011529070,16,
904,N691VT,Gabriel Booth,8R4VV2LVHS,Stanleyland,Washington,DE,7289.17,45094,(545)476-6594,15,
905,YJZ8FB,Trevor Rosales,ZEUWM27QGZ,Ashleefort,South Dakota,NL,9888.58,41035,+1-853-852-4878x26964,14,
906,3DNIH0,Jeremy Carroll,HCL3I9ROKL,North Gloria,Florida,DE,3088.01,47723,(222)014-9760x500,17,
907,JCBT4R,Erin Cobb,VOKOVWWOG1,Shirleyborough,Vermont,US,9467.09,27784,7449750515,17,
908,7OEKI1,Tyler Lewis,ULIME0DOOD,East Michael,Alabama,NL,3846.7,08204,6457396938,15,
909,E8LAPT,Andrea Silva,BSUG78NGTS,Belltown,New Hampshire,NL,1982.67,08884,001-504-577-2171x8701,15,
910,1B4ZVE,Kristin Howard MD,RQHX6O678K,Tuckerstad,New Jersey,FR,3041.06,70903,(441)243-7963,15,
911,EMFBY2,Daniel Nicholson,D0WP1UTJJF,West Robert,South Dakota,US,8336.93,37735,0884216377,14,
912,FWXQ48,Mark Brown,YO0JP7VSJC,Josephstad,Kansas,NL,9351.98,62775,536-141-5240x338,14,
913,M97KLZ,Zachary Keith,Z3GTR4UZOD,Port Christopherchester,Montana,NL,4685.74,50837,406-305-1102,15,
914,L7QXYA,Joseph Snyder,RQ3OQAYHQU,Randyborough,New Mexico,IT,1716.08,85052,001-026-475-2952x386,16,
915,TRKM6O,Anthony Robertson,KVHTEPVDXV,Rachaelmouth,Minnesota,US,6329.49,55425,509-172-0329x895,17,
916,J48PAM,Karen Butler,YUVGTC9MLK,Reidstad,West Virginia,DE,1636.44,37273,001-469-983-6737x84189,16,
917,G2TLH6,Terry Herman,KN8YW6GB8X,Markborough,Oklahoma,DE,5967.64,93485,596.897.9955x991,17,
918,5CXFZK,Dana Cunningham,4VOO8WILTK,Morrisonside,West Virginia,FR,1641.46,59826,6111772027,16,
919,X3IBNY,Colleen Taylor,8XMWT4MOTM,North Jade,Iowa,NL,5550.23,82522,(640)026-5952,16,
920,9IEA5B,John Phillips,E0DAXNZU6G,Shannonberg,Wyoming,IT,3678.34,12568,001-120-696-7387x854,14,
921,FCPA25,Dr. Jennifer Dennis,1JHZZ4F76X,Kathleenbury,Virginia,NL,927.99,57930,296.544.8995x03209,15,
922,FUS6TN,Audrey Bond DVM,C45QQ6TYOK,North Sharon,Rhode Island,NL,2078.04,83201,218.323.1041,17,
923,4T0H98,Elizabeth Davis,4X87P2X95W,East Tylermouth,Michigan,FR,6755.55,05055,(721)604-6541x55694,17,
924,AU2X2Z,Victoria Mills,T2EMF4F8A1,Port Nancy,West Virginia,FR,2232.97,71600,001-775-953-7290,17,
925,KSBE8N,Jessica Nelson,6EVW6HNA5A,Duncanstad,Tennessee,IT,929.55,19849,045-334-7077x59344,16,
926,YVNNNJ,Ricky Thomas,2Q6Y4CPB0T,Nealtown,Georgia,IT,7337.01,04059,+1-758-637-4451x4208,16,
927,L8QYAL,Gina Haley,QZ9MM4OX37,Ballardbury,North Dakota,IT,8083.69,55878,001-805-054-8110x4458,15,
928,9E7NOO,Kathryn Klein,3F4FZIPQXX,West Nicole,Massachusetts,FR,4142.49,76691,053.933.6651,17,
929,TLJGE0,Darrell King,M4HO6UP6CJ,West Adriennetown,North Dakota,IT,4379.84,04051,531.658.3668x9894,17,
930,M7JEBY,Linda Richards,5QWRQI0RHS,South Matthewborough,Minnesota,DE,7343.72,98507,3584221065,15,
931,ZG0QMX,Desiree Rowland,JQM1VC2TSK,Garciabury,Louisiana,IT,6753.67,17971,+1-149-116-3234x2646,16,
932,2M0S6S,Deborah Allen,YP9RCTAOKK,Johnsontown,North Carolina,FR,9249.17,27585,+1-792-331-2206x8895,15,
933,06FJJ3,Johnny Jordan,J7ZEZ11UHF,Mooreberg,Iowa,FR,3296.83,06910,(225)853-8996x157,14,
934,BEC0UN,Kevin Gamble,7BSGYF4KU5,Forbesborough,Georgia,IT,9066.88,37224,(209)076-3395x489,16,
935,GRF9QX,Albert Mitchell,0JKQZ6TYKU,Nelsonside,Utah,US,1987.41,43972,840.683.2201x9069,17,
936,E4AT9R,Brandy Long,J8OSHAGXW0,North Vickieberg,Virginia,FR,5572.15,37632,(593)292-3664,16,
937,LPM0N7,Scott Dominguez,HYBCNZ5WFZ,New Jefferyborough,Nevada,IT,2418.83,39671,001-180-521-1249x4193,15,
938,80D85O,Cheryl Hill,SYU620OFTP,East Jennifer,Arkansas,NL,3923.03,04198,(253)076-1693x84360,15,
939,KL5V9J,Laurie Mills,J793JAQ4YR,South Katieburgh,Colorado,IT,1533.11,46250,001-122-663-3580x9826,15,
940,225OY7,Margaret Ruiz,C24MEOD26V,Lake Karen,Delaware,NL,9613.94,08863,001-003-053-7704x93060,15,
941,OQQ68V,Brittany Mills,OOQ0EJEQ2E,Tannerville,New Mexico,FR,5334.93,27371,+1-162-518-6561x51663,16,
942,STZNGP,Madison Lewis,AEQ2P7RNXW,Port Brittanybury,Wisconsin,IT,1245.86,40954,130.050.8140,15,
943,LZQ5C2,Richard Vincent,86444NQRK4,Malloryberg,Michigan,NL,5967.45,71868,958.172.6605x395,15,
944,KG366P,Jasmine Romero,VMQ4TF33P2,Timothytown,Maryland,DE,7125.48,50340,001-783-653-2187x9286,15,
945,3AGY80,Wanda Weber,WGTELQ6NJ1,East Wendy,Utah,FR,655.44,56623,+1-066-259-1419x341,15,
946,8D1OU8,Deborah Roth,3KFKCQQNJO,South Amandatown,West Virginia,US,1430.22,90287,901.087.5106,15,
947,1LMNBP,Taylor Jones,N60H6YYJ1K,Brandonton,Iowa,NL,6731.51,73727,901-226-3189,17,
948,8789LR,Mr. Randall Thomas,IVIIG64B9P,Walterbury,Vermont,IT,8353.02,97751,879-046-5988x8847,14,
949,M3WVUS,Carl Lane,25SAKG9FOC,South Lucaston,Montana,DE,8998.56,56380,7226537231,14,
950,FIGCL4,Terry Diaz,ECOBJCN1QG,Port John,Utah,DE,9008.32,30808,(928)294-8514,16,
951,U9CMCN,Jonathan Meyer,B0N5I087G0,Port Rachelberg,Mississippi,NL,2171.81,55089,001-087-519-0125,16,
952,8NH9QI,Heather Roman,3HLUMV0K9P,Burnsmouth,Alaska,FR,1460.01,70988,(802)815-4518,17,
953,44Z7ON,Teresa Perez,FE9P9QVUQA,Carrieland,Kansas,NL,2362.2,66029,001-298-688-0568x4903,14,
954,DZEYP2,Nicole Murphy,TFHC9J0FTP,New Wendyhaven,New Hampshire,NL,3673.95,47592,051-577-3869x916,15,
955,4W54W8,Tiffany Lynch,XKPEP1R53U,West Tammyland,Maryland,IT,2673.46,01790,001-339-281-9054x5235,15,
956,VJU9HO,Brenda Jones,83YFO1DFTX,Robertstad,Arizona,DE,7436.71,22941,+1-638-322-8101x6010,15,
957,FPNJ1E,Victoria Turner,2WEDD9QP15,West Shawn,Maryland,NL,4935.42,91482,(583)049-3345,14,
958,ABJ2F7,Angela Wilkerson,ZEJ7DSY6GZ,Lake Jessicafort,Utah,IT,7648.61,70803,001-733-154-3203x792,17,
959,76ZIN5,Mrs. Heather Gonzalez,DV68E1EY4P,Jamesbury,Oregon,DE,6659.53,78049,001-807-190-4576x807,15,
960,2F0KVK,Isaiah Clark,GROJ57E2EM,East Kyleside,Ohio,IT,9156.15,86064,797.423.4438x83672,17,
961,QJGTT5,Melissa Fields,LPZX2WTGOY,North Rose,Oregon,NL,1142.43,13600,002.823.4984,16,
962,LGL3KI,Gloria Lopez,PZQ7M92W2E,Deborahmouth,Utah,DE,6106.38,92425,001-299-105-0345x2154,15,
963,6YZX09,Sierra Chan,4X3PZ0MU0K,North Travisside,Alaska,US,9805.36,08349,426.454.7209x022,15,
964,XODNTI,James Cortez,CPA6DBFNVH,Stefaniefurt,Minnesota,DE,2888.63,53213,456-119-7754,16,
965,G9V9DB,Eric Stark,7PG0X5HZD0,Cheyenneborough,Nevada,NL,8583.91,83180,001-514-257-2522x601,17,
966,H2UUDC,Laura Jones,BZNHRUD3RM,Castroborough,Alaska,NL,7835.6,52655,+1-075-605-2172,16,
967,JA8FSM,Dawn Sullivan,2SEYAR3J8T,Davismouth,Nevada,FR,5963.0,20199,978-281-6266x478,16,
968,7NYSIR,Deborah Brown,YR6LFL4JRP,South Daltontown,Wyoming,US,8191.16,99644,001-213-805-0409,15,
969,C6SHEP,Christine Huynh,K1FOYG5LXA,West Susanton,Connecticut,IT,3557.27,41968,9534071378,17,
970,Q1LO6W,Philip Wells,AWL9S95O6X,North Diane,Hawaii,FR,5378.82,95494,+1-194-169-4833x48464,17,
971,773GZB,Bradley Vance,AQDOV8CT6P,Carlaberg,Rhode Island,FR,9242.83,05071,647.901.6798,17,
972,1GUFCC,Brandon Moore,DBI21NRNRX,Haynesland,Minnesota,IT,8302.91,85098,001-865-750-6911x622,17,
973,DRY4XR,Nicholas Brewer,A05R7DH8DD,Michaelton,Georgia,NL,3586.42,42258,770.156.3677,17,
974,S25211,Megan White,67OO6FGE6F,New Biancafort,California,IT,6198.12,41824,755-927-2134,14,
975,J8E4ZP,Kenneth Miller,YFU47WFNQO,North Kyleberg,Nevada,DE,2873.18,07461,(886)872-3506x544,16,
976,IV9OAF,Jacqueline Morris,QUTNULWNT4,Alexandriaville,Maryland,US,4700.32,55888,+1-098-371-5997x25359,15,
977,1HUNHW,Jocelyn Dixon,SJVDPMD4BK,North Steveville,Tennessee,IT,3097.79,84736,507.085.3357,14,
978,PQL2SC,Karen Clark,YWK7324IKU,Janemouth,Idaho,IT,6077.3,98599,193-833-9787x9974,15,
979,J5ZG80,Angela Smith,YF81J9614Y,Courtneyhaven,Alaska,NL,2611.02,56622,001-244-292-7741,16,
980,KSNFYD,Anthony Torres,ROBEXVK4RP,Kathleentown,Connecticut,US,9279.76,69758,(427)919-1937x8463,16,
981,EGSB95,Nicholas Villarreal,7NUS77Y9O1,New Tara,Washington,US,2052.98,06731,(640)182-0190x06725,15,
982,K1YYGT,Jennifer Calhoun,C8EN9L1O1Q,Port Brandonberg,Connecticut,IT,7411.9,91609,+1-751-408-2360x74742,14,
983,RMW4D7,Rhonda Johnson,C1S4BYA7KG,North Dianefurt,Maryland,DE,1787.29,05439,001-723-2597x5023,14,
984,BK2Z6T,Susan Marshall,27B4UHWB57,North Josephfurt,Kentucky,IT,2639.3,69247,4975869009,15,
985,MDDGJJ,Haley Riley,JSBF0HAO5R,Port Tylerhaven,Oklahoma,FR,9210.32,86855,001-710-844-5930x672,14,
986,74W50K,Bryan Jones,DNY8H7PH1O,East Tonya,Michigan,DE,2785.02,84659,(511)998-3195x2149,16,
987,6CL1N8,Jared Bond,EUG7WO5DB9,Port Brian,Utah,FR,346.26,78095,679.897.8985,15,
988,RNX2SO,Nancy Merritt,RGSH59LFBF,Garciaberg,Arizona,DE,1302.11,75233,630-109-6225x6437,15,
989,AG1Y4L,Joel Page,ZEOE27QERY,Richardton,North Dakota,US,1231.6,76118,641-053-8608x16216,14,
990,ZGGT01,Jeffrey Graham,F3SOK8ZWUA,Lake Nicholaschester,Connecticut,IT,965.2,26271,+1-150-476-6193x308,16,
991,YHGSFB,Andrew Johnson,F664H000U8,Michelleberg,North Dakota,FR,7888.92,96773,984.794.8077,14,
992,JEHC37,Robert Jackson,6A2U974UFE,Marieside,Rhode Island,IT,7094.58,44472,251-119-7092,17,
993,TRUA4K,Monique Ramsey,X07HP3D7ES,Angelchester,Alabama,DE,6441.27,71001,275.926.0852x5993,16,
994,75IEVO,Eric Carpenter MD,3U9NF8FTFD,Port Nataliehaven,Louisiana,FR,4701.28,24920,622-926-0915x719,16,
995,6U04A2,Samantha Smith,YMYPBUDZJG,Floreston,Kentucky,FR,1002.06,03052,136.042.8803x32567,16,
996,8Q69F5,Louis Edwards,WUKO5LAANS,South Angelaville,West Virginia,FR,5386.18,47671,995-428-5227x1749,14,
997,5X12NY,Dylan Cummings,SNBDMQ7MRY,Jodishire,Wisconsin,US,5600.11,32670,336-096-3579,14,
998,RUWDGV,Sylvia Davis,XLTI76V1JI,Hamiltonborough,Texas,US,2101.44,37284,841.228.2606x467,15,
999,9YDHHB,Heather Campbell,T363BBQSCW,New Thomas,Arizona,FR,7184.86,43590,(584)634-3587,16,
