Customer_Id|Customer_Name|Address|City|State|Country|Phone_Number|Business_start_dt
T6PFJHKAXS|John Morgan|5033 Cassandra Brooks, Hogantown, WV 16562|berg|Montana|MM|001-590-940-1200x8095|2025-11-28
IICX88UPNQ||01217 Hinton Estate Suite 120, North Carla, NY 11214|fort|Georgia|LY|+1-848-700-6929x843|2021-07-21
7LR61D59OE|Vincent Owens|658 Melanie Divide Apt. 464, Amyfort, CO 50353|port|Florida|CI|745.947.7355|1992-04-22
CU0QEWM4SE|Roy Hanson|828 Glenn Wall, Mezaville, SD 51689|ton|North Dakota|QA|001-498-800-0371x486|1990-03-01
RN57H6JBCU|Kelsey Olson|02342 Hughes Mountains Apt. 187, Benjaminland, WA 67361|land|Ohio|SN|001-003-143-3913x13069|2017-06-16
SBGT7DP5BU|Scott Johnson|41047 Patrick Trail, Espinozashire, AR 03864|stad|North Dakota|PS|(694)241-9659x40430|1998-03-14
BXQV3COSRL|Dalton Patrick|3750 Rebecca Villages Suite 247, Sheriview, RI 32433|port|Pennsylvania|LC|885.764.1782x6428|2014-05-25
H0CFOEM0O4|Maria Hardy|02392 Suzanne Prairie, New Marciachester, AR 09535|furt|Alaska|SL|850.647.2786x257|2012-02-27
QIE6IVM1BD|Jennifer Stephens|602 Bell View Suite 467, Samanthabury, WI 90471|fort||MN|001-485-387-3094|2003-08-03
N5T8DICMGE|Ashley Shah|22346 Miller Vista Suite 728, Port Jenniferton, NV 57501|haven|Montana|KG|142-324-3122x20871|2008-05-23
6LCW8KLFA5|Bonnie Mendoza|1299 Jennifer Ville Suite 145, Jonathanshire, SC 81996|burgh|Ohio|SY|(859)112-2580|2024-04-01
VH2POSMH4D|Joshua Pham|481 Chaney Gateway Apt. 741, Lisamouth, KY 08196|shire|Massachusetts|GA|(210)182-0140|2006-07-22
FN4S0BLDER|Leslie Reid|285 Howard Hollow, Lake Sandra, AZ 30364|borough|Colorado|AZ|4825044774|1993-11-20
AB9HQRUGZ0|Harry Fields|732 Zimmerman Village, Yatesview, VT 26663|port|Arizona|IN|900.096.1138x069|2020-08-10
A18YJ0PHMP|Pamela Lynch|97493 Garcia Heights, Dodsonshire, CT 65716|borough|Delaware|TV|631-732-5956x156|2023-09-13
CRIOWAVWZK|Sandra Patel|435 Meghan Trail Suite 786, North Kimberly, PA 45825|mouth|Nebraska|SK|527.821.8158x8592|2021-09-24
G4LOPRA7UE|Debbie Ford|414 Foley Stream Apt. 872, Rileymouth, LA 42901|burgh|Vermont|KG|(856)199-4146|1999-04-16
NTIX0348F4|Sarah Phillips|1088 Mann Inlet Apt. 219, Williamport, AZ 16637|shire|Georgia|PG|+1-772-876-8909x6081|2030-09-24
L5L0T0ORGJ|David Sanchez|PSC 6308, Box 8113, APO AP 07945|mouth|Hawaii|KG|509.966.8577x11175|2019-03-18
UCL8JC6XPR|Crystal Sanders|7312 Knapp Forges Apt. 988, Fosterview, UT 17046|stad|Hawaii|WS|001-867-968-6965|2016-09-10
ZBBE43SNA3|Michael Dunn|9193 Ana Greens Apt. 477, South Kaitlyn, SC 94793|shire|New York|TL|+1-403-119-4725x09036|2021-03-05
II6PSHEUYE|Heather Waters|7174 Jackson Unions, New Ian, HI 40722|haven|Pennsylvania|MV|(099)164-6960|2029-05-06
9TOC0MWDSV|Samuel Barrera|4081 Michelle Ford, Smithchester, AK 52751|stad|Mississippi|AL|(877)436-3755x98891|2009-04-19
MWO4SI44Y0|Amy Shaw|PSC 9944, Box 9144, APO AE 63215|burgh|Maine|BT|445.060.6577x084|2018-11-20
8S9LOATAQ8|Lauren Mccormick|70713 Ward Estates, Williamchester, HI 10678|view|Rhode Island||779.121.1711x2498|2028-02-12
23KXKUAW8N|Aaron Morgan|897 Powell Plaza Suite 120, Smithbury, ND 00935|port|Mississippi|AF|(681)126-0936x769|2012-05-04
UCJ8SAETM4|Rachel Morris|98185 Mcclure Ville, Lake Tracey, OH 74390|fort||FM|(887)026-0512x0618|1996-02-29
IJ1N4TXFV3|Nathaniel Ho|659 Contreras Via, Matthewbury, CT 20476|haven|Minnesota|GD|911-079-1530x679|2011-09-04
WGJH1NRDC2|Joshua Miller|0366 Fletcher Corner, Deborahbury, SD 42521|port|New York|CI|001-810-817-1740x107|2002-10-13
CNUOJ1KPOP|Maria Armstrong||fort|Indiana|MV|(215)133-7603|2019-07-22
2K1J59AJYL|Teresa Kim|84408 Mary Rapids Suite 796, East Virginiabury, AZ 95840|town|New Jersey|GD|666-281-9519x3656|2010-11-04
4T8TKANUYT|Brian Diaz|Unit 0226 Box 8283, DPO AE 84214|haven|Ohio|MZ|001-214-927-4150x1136|2016-12-23
SXLCON6ZRL|Charles Miller|249 Michelle Mountains Apt. 805, Mejiaberg, MS 58603|port|South Dakota|NG|+1-253-951-1172x5049|1992-01-14
W2ORCHQFMZ|Jennifer Stevens|PSC 6619, Box 0977, APO AE 62664|furt|Hawaii|YE|618.806.6802x75873|2012-05-07
F42AHLGNHA|Michelle Wood|450 Sullivan Trail Apt. 936, Port Alexis, MS 67604|haven|West Virginia|UY|+1-898-415-3765x83079|2006-05-22
ER2IXJQQLK|Thomas Barber|06469 Kathleen Lights, South Michelleberg, FL 32040|mouth|New Jersey|JP|(925)137-2585|2016-10-20
XQWP5NMJ2H|Erica Tucker|802 Samantha Fields, Port Oliviaburgh, WI 69574|side|Massachusetts|SC|001-986-278-5698x7034|2005-10-28
LC9IYVRWCS|Brianna Nguyen|213 Julie Field, Brendabury, NH 33141|burgh|Delaware|CZ|486-219-0585x62046|1992-10-16
1GHS7NI243|Alicia Phillips|81892 Megan Trail, Collinstad, CA 91725|ton|Idaho|IN|(225)617-6509|2024-09-25
EIEAHMMWP6||447 Collins Lane, Marcusborough, NY 62225|town|Maryland|GQ|+1-626-216-5016|1997-06-24
JELVPUJ5ZE|Cynthia Estes|6532 Melissa View, Martinezmouth, DC 19474|furt|Minnesota|PS|(636)396-4713x98272|2010-10-22
GNAHCZH57L|Eric Tucker|05962 Moore Heights Suite 048, Grahamburgh, VA 94467|burgh|New Jersey|DZ|(885)343-8217x34488|2029-12-25
4SZBX1PV83|Brittany Ruiz|807 Byrd Junctions Apt. 263, South Lisastad, FL 87099|mouth|New Hampshire|UA|+1-993-352-3485x99835|1993-05-17
E0LP38FTAE|Emily York|39535 Donald Passage Apt. 256, South Steven, SD 30803|berg|Hawaii|TZ|+1-524-742-8872x194|1995-10-28
7N0FEQF8HJ|Eric Petersen|PSC 8068, Box 3808, APO AP 42152|stad|Louisiana|CH|656.973.0226x103|1999-12-06
QQ87GNFZ2W|Wendy Valencia|773 Woodward Club Apt. 214, Macktown, RI 50933|view|Iowa|NI|878-473-0173x8729|2025-11-06
ZU4K63EOUU|Omar Gill|2721 Dylan Plains Apt. 964, Ambermouth, MN 79436|land|New Hampshire|MV|761-581-8119x616|2006-03-06
9JCOMIHX6W|David Ward||furt|Arkansas|MZ|2486522824|2022-07-27
PG52EX0DEH|Zachary Garcia|59415 Cindy Falls Apt. 008, Huffmanville, IA 73472|town|Missouri|UA|2012749562|2029-02-03
QDYEMVZNVW|Michael Smith|933 Pham River, Campbellhaven, PA 56220|borough||CV|1752181533|1990-04-08
HYC4JECSHC|Catherine Tate|320 James Fort Suite 678, North Melissa, KS 31583|side|Utah|SG|(141)910-2040x84059|2022-09-23
P6JSJLX150|Brian Roberts|03752 William Harbors, Kennethtown, AL 14913|borough|Kentucky|IT|(936)143-3357x74486|2019-12-01
E3O30DPR9S|Justin Mathis|514 Summers Walks, Nataliebury, DC 93548|fort|Michigan|MM|783.486.1903|1990-07-01
AB349GNK7I|Bonnie Arnold|3536 Mitchell Street, Carlosstad, SC 05313|shire|Connecticut|YE|268-394-5602|2028-01-28
E9T3DW01ZR|Michele Butler|193 Powell Fords, East Marytown, MO 76497|haven|Iowa|DZ|472.834.8966x529|2026-02-19
UE56AY3KQR|Ricky Kennedy|259 Brown Light Apt. 233, Lake Janet, OK 34760|chester|Hawaii|ME|622.886.3884|2029-12-06
LA549H5FI2|Olivia Hart|9812 Nicholas Gateway, North Samuel, SD 37222|shire|Hawaii|NO|+1-199-349-4849|2003-05-22
S2146YZ2VJ|Kelly Edwards|27401 Amanda Fall Suite 653, Kathrynchester, RI 16467|chester||DE|256-877-5942|1995-04-24
3PCZGA3382||PSC 3473, Box 0863, APO AP 79721|mouth|Kansas|AR|(082)736-5222|2006-11-07
27HSGQ40A0|Sherry Hanna|1330 Barron Burgs Suite 323, Toddtown, IL 02939|haven|Washington|SO|(113)745-3587x555|2028-03-15
LP9Y0ANVWB|Jennifer Fisher|02007 Corey Locks, Michaelhaven, FL 61669|shire|Arkansas|YE|(854)069-1216|1996-11-06
69CYK79O2H|Darren Perry|518 Matthew Summit Apt. 006, Johnsonhaven, MT 52085|ville|New Hampshire|KN|8442568206|2013-07-19
OYL17N89Q7|Amy Wagner|265 Austin Underpass Apt. 532, Wilsonland, KY 05827|land|Maine|CG|(213)110-9265|2020-07-12
5EUNRJSAIH|Andrea Greer|PSC 9656, Box 4084, APO AP 19702|borough|Tennessee|LS|001-221-152-6321x81202|1997-03-19
U3T62Y2G69|Robert Rios|3451 Henry Streets Suite 725, South Jennifer, CT 87694|furt|Iowa|VN|657-941-5343x683|1998-12-17
DILN6242DE|Travis Mitchell|04861 Walter Stravenue, Matthewstad, NM 35708|burgh|Hawaii||856-057-0137x9002|2010-02-16
KWEA4EQJP4|Ashley Brooks|7515 Booth Parkways, Port Mary, AR 95044|town|Florida|AF|001-762-555-9713x541|2001-07-10
B2753W1OJF|Kelly Perez|09546 Boyer Summit Apt. 603, Lake Bradley, OR 91629|view|Maryland|TH|603.487.1266x344|2009-12-26
T07QL9UKWP|Mr. Christopher Murillo|522 Richard Mall Apt. 516, West Morgan, MD 49734|shire|New York|WS|158.245.1264|2022-08-25
NW3RC6BF8P|Gregory Barnett|191 Jennifer Rue, West Robin, NV 15336|view|Illinois|LS|7714901270|2005-06-21
MNS9WOO6G3|Christine Torres|9959 Morales Creek Suite 845, Alyssafort, CT 53172|side|California|SD|676.183.7079|2016-09-12
FXSNTR3N5J|Catherine Pitts|9730 Neil Valleys Suite 811, West Alexandermouth, RI 62799|view|Minnesota|SN|+1-319-936-1155x895|1996-05-06
WHPCNWP6FM|Michael Jones|1207 Alan Squares, West Anne, LA 59854|port|North Carolina|TW|+1-142-216-1881x2752|2004-03-20
7NHGC4TN7G|Jasmin Farmer|88393 Tyler Inlet, East Michaelburgh, WV 60770|fort|New York|NL|140-098-1762x60453|1997-12-28
F0XE816RJ7|Daniel Buckley|6251 Sanchez Way, West Kelly, ND 16360|stad|Wisconsin|GB|(184)372-6543x1724|2005-11-21
4F5KGMEW7F|Stephanie Mccarthy|49118 Amy Valleys, Bryanburgh, KS 38572|haven|Florida|IT|518.720.6055x7401|2020-07-11
XOFRA43VZX|Jessica Jefferson|06861 Farrell Crossing Suite 881, East Derekfort, MT 80236|side|Nebraska|EG|804.683.5144x221|1998-06-09
YV8O7T9EAM|Katrina Harris|1851 Laurie Greens Apt. 493, New Ronnie, AL 04860|mouth|Wyoming||559.044.7356|2023-10-29
FQKMNWIBX9|Leslie Nolan|94387 Erin Views Suite 933, Lake Marthafurt, OR 64944|haven|Nebraska|GY|(929)293-0944x1624|1992-03-31
GC1F88Z3L9|Patricia Newton DDS|209 Miller Neck, North Timothy, NJ 15662|fort|Washington|JM|4908604564|2000-02-28
JX4D1BFRCV|Jessica Banks|93010 Shelby Village, New Christopherberg, FL 92626|town|Michigan|PE|582.932.4317|2011-11-22
TNGNJ50LL3|Michael Duncan|6567 Eduardo Parks, Kimtown, MT 90290|burgh|South Dakota|IS|001-181-662-7056x326|2021-08-28
1OOB35Z0D9|Kevin Foster|517 Erin Ridge Suite 028, Erinstad, DE 92250|furt|New York|MK|821-882-3641|2028-11-02
DEB7S5AHE9|Emma Lawrence|907 Steven Pine, West Lauren, MS 49480|haven|Ohio|VC|824.430.0301x26152|1999-11-25
SA30Y4QXVI|Thomas Patterson|638 Howard Summit Apt. 677, Goodwinmouth, LA 14250|||MG|110.094.7856x057|1997-06-26
02UO33B2QQ|Adrian Harvey|Unit 1807 Box 9620, DPO AE 80491|borough|Minnesota|VN|(029)152-0093x685|2014-04-25
807VQ3PRYP|Thomas Martin|9098 Gonzales Crest, Brownshire, MA 41803|mouth|Rhode Island|AZ|2283192189|2030-02-18
OJOXS0TELK|Julian Gibbs|02736 Mendoza Spur Suite 678, Port Julieshire, IA 39127|ton|Vermont|CU|527.724.5798x3226|2021-12-02
E3SS2QA6KK|Heidi Leonard|4671 Howe Roads Suite 300, East Crystalshire, PA 54770|furt|Nebraska|AM|3293261082|1990-09-20
4UIWTTZMAK|Zachary Hinton|454 Alejandro Stravenue, West John, NJ 73616|port|Alaska|MM|(869)166-8759x574|2011-03-30
07TD628N4U|Betty Richardson|9830 Williams Bridge, Lawrenceport, MO 70149|mouth|Idaho|SI|001-197-847-1083x622|2030-07-09
NT9FHZXTG2|Tyler Palmer|89250 Lee Curve, East Ericville, PA 12497|stad|Mississippi|PL|(907)657-2566|2022-06-10
2OTPU7R45L|Gail Edwards|993 Newman Parkway, New Lisa, NC 87503|port|Alaska|IR|592.221.6613x154|2030-08-17
JXWPFN7DEZ|Lisa Romero|8218 Karen Lock, Brianmouth, CA 16109|furt|Connecticut|BF|(776)692-9781|2007-11-21
9GHKA57DQL|Felicia Stark|98132 Price Club Apt. 573, Kimton, TX 05079|side|Wisconsin|AL|(041)328-0859|1999-10-17
SMS62F3XOJ|Eileen Martinez|3711 Tiffany Circle Suite 684, New Joseph, NH 18128|view|Oregon|BH|+1-869-003-2860x22921|2017-03-17
4EMPZY9OQU|Kayla Patterson|737 Amanda Ridges, Reedville, ND 93632|chester||IQ|001-628-799-1056x92024|2004-12-06
Q1J7FGUFAT|Jennifer Palmer|USCGC Raymond, FPO AA 97863|berg|Hawaii|GW|020-785-2330x37990|2011-11-05
9J8A8MPUVZ|Patrick Booker|88729 Tamara Ferry Apt. 493, Andersonhaven, HI 94002|mouth|Oklahoma|AR|5187831739|2002-05-13
367KL5IRQA|Theresa Ryan|516 Jennifer Plaza Suite 967, North Michaelfort, MO 83256|ville|California|NA|(103)228-7680x00665|1995-09-15
QPYBSWKI8Z|Amber Oneill|8141 Klein Prairie Suite 434, Jamesbury, NE 79257|stad|Arkansas|BG|709-595-4530x38574|1996-09-04
JFM8MOHFVV|Randy Hartman|50451 Sutton Manor Apt. 422, East Carl, MI 06344|mouth|Arkansas|ZM|701.491.8974x890|1991-04-02
I87JJDS7SG|Nichole Hutchinson|PSC 2216, Box 3212, APO AE 77586|town|Arizona|GD|(151)025-5542x752|2019-11-18
RNVAQXDVJB|Chad Barnes|6457 Armstrong Manors, Lake Holly, HI 75220|fort|Arizona|GY|249-122-0093x128|1990-10-31
NY8K64SXLS|Thomas Fuller|277 Joshua Freeway, Millerhaven, ND 67341|borough|Idaho|MG|029-908-7720|2020-10-16
E4KSD4C2FG|Bonnie Martinez|0519 Pennington Path Suite 433, Jessicaton, NH 53129|fort|Connecticut|CF|(638)307-0664x82918|2029-02-07
J44F7YD5RX|Joseph Coleman|USCGC Fleming, FPO AP 80904|haven|Oklahoma|IQ|+1-566-473-7437|2019-04-06
J2RW6ON5XY|William Larson|896 Wilson Common Suite 299, Joville, OH 17582|haven|Nebraska|NI|342.403.7867|2010-10-27
44MP4XAJ3M|Michael Dixon|5208 Combs Ford Apt. 239, Kentshire, IA 87086|ton|Kansas|SN|(094)043-8452|2020-09-12
K0AEZG9E64|Brenda Bond|200 Fisher Crest, Matthewton, OH 55830|ville|Hawaii|DO|337-074-6545|2007-06-29
0XW79MJ6TD|Tiffany Blevins|713 Ethan Brook Suite 403, North Melissa, OH 52758|ton|North Carolina|BY|5062714155|2019-04-24
LSPCBCM6MC|Sara King|2164 Michael Street, Mortonbury, TN 09886|mouth|Missouri|BI|+1-279-234-6558x7408|2013-11-07
G2NQTEWF7Z|Matthew Cooper|99128 Snyder Motorway, Marshallmouth, OR 06055|mouth|Delaware|MZ|322.752.5774x20160|2001-10-07
3W6YXYYATW|Mary Fuller|8780 Rivera Keys Suite 575, Lake Heathermouth, UT 47071|side|Louisiana|GR|177-447-3712x86544|2019-07-24
XZPTIEWB0X|Kevin Lewis|2358 Jackson Walk, Torresmouth, OK 93564|haven|Pennsylvania|MG|372.816.2176|2013-01-28
L8N5K3QRLS|Diana Hunter|600 Katherine Meadow Apt. 062, West Ryan, ND 24011|fort|Missouri|EE|321.347.9399|2004-06-14
SJIJZZZBNO|Jonathan Rose|9431 Katherine Hollow, Sarahburgh, WV 69614|furt|Texas|AO|788.031.6952x89289|2008-06-04
0A2AX7UF66||04953 Collins Stream, East Rebekahview, MI 15474|mouth|Arizona|CU|383.889.8081x46356|1998-07-17
2W0R8SQ1XV|Sheila Jordan|85581 Lisa Curve Suite 015, North Daniel, NC 56955|view|North Carolina|CF|(403)088-2911|2015-06-01
IZWXJG7GVT|Amy Tyler|659 Ali Inlet, Port Amberville, MS 51637|mouth|South Dakota|VC|488-050-2071x8836|2016-10-10
9INDM9ZGLJ|Mary Simpson|055 Frazier Brook Suite 401, South Kimberly, LA 86946|port|New Jersey|IN|143-273-4903x777|1996-11-23
Y5B4V3M240|Robert Price|70522 Nguyen Ferry, East Johnborough, TN 43176|port|California|CF|323-592-9632x80980|2007-09-09
E73PELEESS|Kirk Joyce|83933 Natalie Circles Suite 079, West Jeremyton, KS 89837|land|Arkansas|QA|(404)531-9428|2001-04-20
MQ394CVDI8|Wendy Tran|88855 Austin Avenue Apt. 893, Port Prestonside, VT 23525|fort|Texas|QA|886.285.1978x94463|1990-01-18
0X8P6A8OOC|Sarah George|828 Murphy Inlet, Lake Kayleefort, GA 66322|fort|Pennsylvania|BF|6239753705|1997-11-28
48PIL2SYVH|James Wilkins|08246 Mcgrath Divide, Johnsonborough, CT 50799|mouth|California|ZA|837.683.9694x05406|2017-10-30
7JNO8AWT6I|Sarah Huynh|716 Andrew Vista, East Christophermouth, WV 91530|mouth|Massachusetts|VE|507-417-8970x3981|2025-04-11
Y9WHHO03E0|Luis Patterson|753 Taylor Gardens Apt. 617, Bennettport, MI 25699|ville|Washington|SV|+1-934-156-4407|2002-10-18
Q2ZLSLTQC4|Rebecca Brown|192 Keith Manor, Lake Kimberlymouth, DC 73273|fort|Hawaii|LY|001-454-013-1851x41426|2026-11-20
TZX7942XZY|Lauren Burgess|0356 Christopher Lake Apt. 026, East Paulton, IA 78609|fort|Minnesota|EC|001-860-438-7664x864|1994-09-18
EBPGFDXFC6|Tina Davis|3138 Christensen Brook Apt. 359, Alexland, ID 53592|stad|Arizona|RW|(305)424-4449x88767|1997-04-22
EJ0SOE4X25|Pamela Davis|6478 Isaiah Summit, West Sandraberg, PA 15055|ton|Wyoming|VC|086-010-8642|2030-04-29
2YBXB3B2XE|Jennifer Bennett|12849 Robinson Station Suite 689, East Brendatown, DE 21777|furt|Arizona|CY|(306)944-3066x05291|2003-04-26
PXM2CSWQFP|Lisa Ortiz|USS Wells, FPO AP 40297|land|North Carolina|NR|897-054-6038x252|2021-12-08
QODHSKY0AP|Meredith Watkins|12761 Mary Spur Suite 939, New Meganshire, MT 04136|mouth|New York|TL|001-113-763-6015x72888|2003-03-03
C1KULDQ55I|Christine Gregory|41927 Cheryl Field, Port Joanntown, DE 72179|side|Indiana|IE|(561)070-1700x99586|2000-05-03
021MV1Y1AC|Carl Cook|4303 Moore Via Suite 133, New Jessicaton, TX 69343|stad|Nebraska|PT|001-711-433-1723x5265|1993-08-13
7XH9E494CV||7472 Vickie Station Apt. 827, West Patrickshire, KY 33638|side|California|TM|+1-552-117-0847|2020-07-09
UFVAPD9AOE|Jeremiah Norman|92962 Wong Loaf, New Brookebury, IN 50409||Illinois|SZ|001-762-195-8478x268|2022-03-06
G3BFGR5EHZ|Eric Dunn|785 Pugh Divide Suite 501, Lake Teresaborough, WV 85527|port|Connecticut|MU|001-860-296-5842x91428|2008-12-21
ACYMI3JQ5N||495 Pamela Mountains Apt. 325, North Jessicafurt, NV 66777|furt|Delaware|SC|733.680.2161x01929|1991-11-15
I1PYQRPWFC|Pam Miller|91045 Brianna Rapids Apt. 856, Matthewton, OH 40365|ton|Maine|IQ|141.112.3499x69791|1993-03-10
WCE0MXLIH8|Angela Black|782 Christopher Shoal, West Patriciaport, CA 26879|borough|Colorado|VC|033-401-8543x9099|2023-10-11
51Y29F8TB1|Bryan Tucker|562 Reyes Dale, Kellyshire, NM 38339|mouth|Alaska|OM|(808)684-2549x749|2000-05-07
MGZM4W9PK5|Lori Weber|229 Richard Courts Apt. 955, Stephaniechester, CO 36205|land|Ohio|RS|378-910-0860x1267|2021-12-06
YS95O0MLOA|Christopher Armstrong|PSC 5205, Box 2870, APO AA 38260|ton|Oklahoma|GW|473.158.8640|2023-06-29
2VMTC1JBE2|James Torres|564 Richards Island, East Sheila, VT 13363|view|Michigan|MM|(059)018-6393|2011-10-13
0MU3OJI71M|Ryan Patterson|74379 Jessica Port Suite 779, East Tracyland, NH 69341|fort|Connecticut|RO|(188)001-6187x6771|1994-05-15
02OUHPR3A5|Ashley Warren|451 Michael Gateway, South Pamela, SD 71809|port|South Carolina|BF|638-924-8434|2001-06-20
JTKCYKIVY8|Charles Bray|0970 Leon Mountain Suite 525, Port Danielle, WY 18248|burgh|Kansas|TJ|689.421.8280x986|2030-02-24
HERK2AJ6JM|Jenna Warner|213 Darren Hollow, Shaneberg, MN 69594|side|New Hampshire|NO|+1-423-449-5931x0506|2013-03-30
69MSJ5505V|Perry Cuevas|3926 Jay Fort, North Danielstad, VA 43090|port|Wisconsin|MU|+1-765-561-0673x3206|2021-09-06
XEOFQTPDM3|William Anderson|37319 Wade Villages, Lake Kylemouth, IA 23663|bury|Virginia|RW|+1-286-077-1601x0603|2007-12-31
NH8B9O5UCU|Gail Ibarra|3848 Smith Lodge, Emmaport, NC 29986|fort|New Jersey|MV|001-609-636-1766x8765|2024-03-05
BBGXYF73F0|Lindsay Brown|66842 Powell Knolls, Alistad, KY 39719|ville|Texas|KI|151-062-2901|1990-07-31
30XFCTIB0L|Anthony Bryan|98359 Linda Lake Apt. 103, North Aaron, VA 22190|bury|Vermont|LC|001-526-808-3707|2016-03-11
WPHJ1JATUB|Nancy Perez|5990 Reyes Green Apt. 565, Port Brendachester, SC 56208|burgh|Indiana|BT|4937757774|2023-05-30
RRQ04RKAOH|Deanna Burgess|795 Pitts Well, Dixonport, NV 47142|view|Minnesota|WS|659-693-3101x7713|2023-08-10
OHDSCEW2HH|Amy Lynch|2714 Megan Road Suite 622, West Rosetown, NJ 84372|ton|Connecticut|CN|+1-022-930-9991x1250|1996-07-10
M521WDVVAX|Mary Williams|09525 Jonathan Estates, Shawnchester, NM 80702|mouth|Michigan|DO|534.836.5369x138|2001-06-14
30X58R3GXD|Jose Smith|29351 Fox Center Apt. 003, Lake Christopherfort, HI 25502|view|North Dakota|GA|+1-707-543-0398x9661|2026-06-08
FF9AUF8CDE|Christopher Marquez|319 Bowen Gateway Suite 428, Patrickhaven, RI 13869|shire|Illinois|SY|(519)492-6227|2011-03-13
74MSFIPB66||41872 Hunt Stravenue Apt. 028, West Joshua, IA 44585|bury|Alabama|SN|408.007.5031x3447|2007-08-06
65A6LRPMIN|Robert Cummings||berg|Indiana|LY|001-053-821-4175|2002-09-24
JW2K22CV2Q|Jose Malone|929 Ashley Lane Suite 693, South Micheal, SC 25000|land|Mississippi|DO|484-039-7677x9821|1993-02-25
GIDRK3CCTV||5044 Stephen Extensions, Hodgeburgh, TN 47403|berg|Pennsylvania|VE|3688339351|2004-09-24
ZFN20X3XKU|Jesse Ramirez|485 Tammy Spurs, Andrewburgh, NE 28325|stad|Pennsylvania|SZ|801.421.3423x6300|2017-06-16
8SEQSI4EPA|Kevin Knight|61403 Tina Lights Apt. 740, Robinsonport, MI 88789|town|New York|MM|(817)516-2043|2026-03-29
PBH68PV7IM|Tammy Torres|33248 Fox Greens, Jasonchester, AK 36133|ville|North Carolina|CY|+1-458-162-7002|1992-04-01
OE6X1T0V28|Debbie Noble|5366 Roberts Junction Suite 413, Russellton, MN 49878|mouth|Oklahoma|DJ|001-740-465-6444x1025|2010-09-23
IYILQAQVEC|Matthew Hall|939 Khan Summit Suite 693, Heatherburgh, WY 76817|ville|South Dakota|SG|905-608-1176|1995-12-11
NL89SCF98L|Carrie Myers|5386 Jamie Circles Suite 177, South Rachel, NE 21092|ton|Alaska|KE|266-111-7470x9786|2008-12-26
VNF5DJEI04|Karen Mcmillan|20070 Antonio Run Apt. 275, East Theresamouth, RI 58778|shire|Virginia|MN|599.408.5074x37103|2004-05-04
8UEXMBEJXC|Susan Townsend|496 John Locks Apt. 503, West Kimberlytown, CO 87448|port|North Carolina|GN|+1-744-065-9217x79061|2009-07-19
6JH6UOI147|Nancy Rodriguez|PSC 0852, Box 2900, APO AA 30045|ton|North Dakota|YE|(245)659-7394|2015-12-17
0SQTR3KNJJ|William Lee|34605 White Bridge Suite 435, Lake Aaronton, HI 11195|side|Illinois|AO|940.796.8589|1999-01-07
6I0H1I6H71|Paul Ortiz|045 Lozano Parkways Apt. 732, West Ricky, KY 28658|fort|Hawaii|TN|+1-573-436-6139x9807|2007-03-26
QFUOEHQAQL|Mark Sims|676 Jones Camp Apt. 270, Lake Amandaville, NH 42826|town|Louisiana|LU|001-217-532-1248x5954|2013-03-25
5CU2O3K6W4|Yolanda Schneider|614 Sydney Motorway Apt. 211, Glenbury, NC 82410|side|Louisiana|LS|+1-241-444-3369x1737|2017-02-25
5QE982CNTQ|Nancy Walls|908 Hood Rest, West Alan, MA 17059|fort|Arizona|PT|(304)518-7508|2018-05-28
FRJOL5L7T6|Kelly Carter|24353 Stacey Forest, Phillipview, VT 51871|land|Maryland|BH|+1-867-568-6359x2100|2017-12-06
D346E1XJZA|Nicholas Lopez|46124 Gilmore Roads, Port Shelleyview, MT 45578|bury||MH|313-610-2327x5855|2016-05-04
KJ0EEA8JSP|Deborah Delacruz|11024 Christensen Divide, Jacobhaven, DE 09709|ton|New Mexico|SY|001-698-942-8728|2012-11-01
C97EOSWR9Z|Lauren Aguilar|6349 Thompson Center Suite 992, Charlesville, DE 61654|haven|Washington|DM|001-082-008-5916|2010-03-12
IT7F921DJ2|Melissa Lee|1465 William Inlet Suite 785, West Todd, NE 68917|view|New York|SN|932-516-2981x87752|2024-01-19
9D7EWZ6RMA|Peggy Johnson|4713 Michael Pass, South Kennethside, NC 41868|mouth|Vermont|AO|+1-530-626-4453x8113|2030-04-24
4EMHVDEIL2|Mr. Danny Miles DDS|0234 Michael Station, Moranfort, MO 26915|mouth|Arizona|VC|066-257-6506x17658|2028-05-12
V10D1WGFSS|Kevin Newton|USCGC Wilson, FPO AA 84991|berg|Arizona|GY|+1-490-746-6632x60349|1995-03-19
3RF4S84EF1|Chad Blevins|989 Richard Walk Apt. 498, West Latoya, ME 38088|view|Kansas|CD|956-683-2348|2011-01-16
RMCDHPYQDL|Beth Richard|3424 Zachary Green Suite 610, Kleinstad, NV 58037||New Hampshire|GH|120-375-0771x09759|2008-11-01
HFIXF3GQKD|Michelle Wade|573 Carlos Canyon Suite 935, New Garytown, AK 73919|town|Nebraska|BR|192.449.8154x16364|2018-02-26
42KXP0IJL7|Tracy Raymond|184 Annette Mountain, South Cassandra, ME 86065|ton|Arkansas|SZ|2668966179|2005-10-14
0NZUQAXFBT|James Peterson|54001 Bentley Brook, New Wendy, ME 70011|fort|Massachusetts|HR|9007231300|2026-05-18
MLV8WG8YZ6|Lee Lewis|87283 Simmons Square Suite 807, Elaineborough, OK 56465|borough|New Hampshire|AO|001-645-326-6928x0325|2021-02-26
LKN17XJ4UL|Charles Wise|156 Martin Station Suite 657, Madisontown, AL 84086|port|Ohio|CN|923-779-1403x26905|2005-01-27
8U8QI00M28|Mark Mason|243 Conway Springs, Brianport, UT 02300|borough|Pennsylvania|GW|572.946.6097x240|2017-08-29
7JJ6QQGSPC|Laura Potts|240 Elizabeth Common Apt. 993, New Priscillahaven, IA 23884|shire|New Hampshire|MG|+1-221-966-2897x913|2003-04-18
ZAO90ZO657|Erica White|80565 Morgan Ridges Suite 322, Perezview, UT 32613|chester|West Virginia|ET|854.136.6658x44922|2018-02-17
FK6NPSMWSF|Theresa Evans|0641 Armstrong Route Apt. 039, Simpsonburgh, ME 98317|burgh|Alabama|CD|914.186.3349x5944|1999-02-13
1AT9ZWUQOK|Alexandra Moore|3980 Cook Springs, Peterberg, AZ 09606|mouth|South Carolina|IL|(201)265-7297|2009-03-09
9T83MH82BG|Holly Walker|Unit 5821 Box 0809, DPO AE 30514|ville|Minnesota|CO|+1-292-286-2384|2016-12-18
ECDPNXQ7IX|Kaylee Gill|3649 Ritter Islands Apt. 612, West Nicholas, AZ 22419|side|New York|BS|855-704-0490x50355|2011-02-24
7IOO4YDH2G|Zachary Diaz|55838 Chavez Burgs, Mccarthymouth, CT 57054|stad|South Carolina||982.665.9525|2007-04-25
6BQGX1U36W|Renee Pearson|00746 Ashley Causeway Suite 766, West Justinfort, MD 81889|ville||ID|479-674-2507x1862|2018-08-06
JF73LP9UBP|Philip Singh|025 Katie Gateway Suite 686, North Andreaburgh, RI 80861|stad|Alaska|AD|+1-618-238-0112x19015|2018-08-05
61MLUAO6LM|Alyssa Clark|47799 Flores Lights, Bridgesville, UT 60943|view|Wisconsin|HU|525-367-0788|2003-04-28
S490AQ5DGI|Samantha Green|238 Cantu Brook Suite 633, North Ashleyberg, LA 15947|haven|Utah|AD|772-232-2908|2000-08-12
8YHMIJUDZB|Ricky Foster|PSC 0712, Box 6968, APO AA 35531|borough|Vermont|CH|186-945-6105|2006-01-20
DBKOBEQTXB|Sarah Richards|Unit 1665 Box 6431, DPO AE 82960|side|Maryland|CI|654-394-5912|2009-10-17
F7YMCK0GMM|William Miller|66488 Davis Viaduct, North Kristin, NE 82590|town|Nebraska|NA|087-138-8586x298|1998-07-11
EE42PRGSGU||119 Melanie Greens Suite 434, Blackwellhaven, TX 26433|burgh|Arkansas|LB|5889919641|2022-03-27
VPVXNFD7MF|Scott Farley|995 Kline Lights, Chadburgh, CA 61700|port|Utah|UZ|620.806.5176x05056|1990-11-23
M839ZZSPSQ||525 Benjamin Drives Suite 819, Curryton, CT 57269|fort|Indiana|EC|+1-949-181-3562x84535|2003-07-31
GMT3S1DCIQ|Danielle Armstrong DDS|702 Joshua Parks Apt. 095, Port Joshua, ND 38936|fort|Kansas|VA|3203912957|2022-12-22
F3RG1LPRMW|Erika Wilson|037 Crawford Junction, Matthewland, WA 90134|ton|Arizona|SD|171-189-6141|1994-08-06
5HNY2EE968|Alice Cabrera|21568 Wilson River, New Lindseymouth, ND 93638|port|Idaho|ET|001-385-983-8023x769|2001-12-29
WWKD301HA7|Nathan White|37942 Haas Pine, Lake Christopher, FL 69211|side|New Jersey|GE|816-944-2184|2007-03-27
8RA6KW22WL|Scott Nguyen|965 Rivers Heights Apt. 569, Colemanmouth, VT 15087|mouth|Texas|AO|794.559.4795x8547|2008-06-15
W5NG0J0LZ9|Patricia Carter|784 Delgado Ford, Smithside, OH 26835|furt|Iowa|ZW|(840)931-8289|1992-06-21
BAL0PBK16S|Mary Smith|52323 Hall Gateway, Hullmouth, AZ 17406|ton|Maryland|DK|616-296-5395x603|2029-10-22
CO1PHPS77O|Julie Morgan|024 Smith Pines Suite 725, East Anthony, WV 17541||Nevada|SY|054-837-5558x223|2022-03-17
ITNW49M38S|Frank Marshall|USNS Schwartz, FPO AA 85072|chester|Delaware||(037)695-3698|2021-07-12
HVDCOE4P2M|Allison Fischer|4880 Barnett Harbors Suite 924, Flowersside, AR 24177|burgh|Wyoming|NI|(382)021-0175x35986|2024-11-20
WKR40BNQC6|Benjamin Blevins|USNS Wright, FPO AE 76248|side|Minnesota|TW|496.477.1839x9342|1996-12-02
JRNHI1ON9C||60555 Webb Shoal, Joshuaport, CA 33467|borough|Vermont|HN|+1-160-418-5001x639|2014-11-19
YP19A4OYGA||04435 Robert Mount, North Ericfort, KS 95304|bury|Michigan|TD|(495)059-0514x71611|1999-06-11
WH3BBYUHHX||35597 Lucero Fort Apt. 411, Robbinsview, OK 62429|fort|Alaska|VE|+1-828-537-9622|2030-11-15
9M81LVZP7V|Cody Taylor|242 Betty Plain Suite 702, Frenchshire, KS 20894|stad|Texas|HR|051.193.1219|2014-12-27
LW1AFH601P|Danielle Estes|948 Wilson Causeway Apt. 278, Luisborough, ME 64465|mouth|Rhode Island|HT|131.807.4507x2850|2005-10-23
I3Q7N2S5CW|Veronica Reed|255 Hunt Ferry, West Jennifer, MT 40789|land|Michigan|FM|001-356-010-8756|2027-06-21
SQCO2SWDAP|Drew Bell|58151 Joseph Throughway Apt. 465, West Michaelbury, HI 04544|stad|Hawaii|BY|771-476-2659x3001|1991-09-04
SMKZUOI9W2|Heather Rose||ton|Arizona|BJ|185.435.9930|2018-12-23
3VBQZ6V0G1|Leslie Chaney|662 Thomas Walks, Craigfurt, AZ 07012|ton|Delaware|ZM|(695)862-7555|1998-11-18
VYV5IT76JT|Linda Yang|PSC 9468, Box 0097, APO AE 59715|land|Maryland|CF|(449)330-9051x49839|2025-07-05
S8UE2PIS9E|Nicholas Kaufman|38467 Crystal Inlet, West Connieberg, MS 39727|burgh|Maine|SK|+1-906-059-9971x4610|2027-03-28
8GX13EDCCY|Heather Johnson|5203 Karen Station, West Markstad, ID 08376|borough|Washington|IQ|(514)949-9026|1996-04-27
VD13QXJG04|Antonio Garcia|205 Carrillo Groves Apt. 238, Franklinside, AL 64820|ton|Maryland|KN|100.768.7672|1998-10-24
HMHPJ7PIX4|Kimberly Mcgee DDS|USNV Flores, FPO AE 37678|bury|Vermont|NI|745.262.9327x598|2016-06-28
YB0ATEJK53||938 William Walk Apt. 569, Salazarview, KS 62869|stad|New Hampshire|KP|001-204-592-2627x29533|2020-01-29
A3BEQN0TLW|Richard Adams|871 Andres Shoals Apt. 644, Jonesstad, WI 82082|berg|Texas|GR|(285)472-5307|2030-06-24
0KD7G4FT7K|Margaret Lopez|042 Anthony Manor Suite 411, North Erin, NE 82028|port|Arizona|MA|7101429435|2001-03-10
9607ZH3KU6|Wanda Page|0996 Johnson Hollow, Christinaville, TN 22192|town|Connecticut|CI|4149745007|2008-05-05
8GOW2N5PE2|Bryan Burch|Unit 6428 Box 6541, DPO AP 67906|town|Washington||730.189.7947|2014-12-21
I9ELHVMQTA|Dr. Tamara Morales|163 Hunter Place, Danielland, MS 19943|furt|Hawaii|KI|817-473-2146|2028-10-15
Z4008I56QA|Jesse Stewart|242 Hawkins Forest, West Scottville, HI 80870|land|Vermont|DJ|911.904.4132x5005|2026-08-22
6BVMX9PXYX||242 Sean Locks Apt. 793, Cooperchester, HI 74648|berg|Iowa|TR|+1-119-949-6168|2022-03-31
H90B7WOZN1|Nicholas Gillespie|72899 Jeremy Mills, Gallegosstad, ID 86335|stad|Nevada|MA|786.619.7888|2016-04-18
KCKA3GJZ9X|Michael Thompson|882 Solis Village, Johnsonmouth, VA 96710|shire|New Hampshire|BB|009.290.9539|2001-03-05
9M5FMSAG4P|Jamie York|7113 Romero Plaza Apt. 586, East Dawnstad, GA 59518|furt|Washington|SO|(426)974-2971x2988|2011-10-23
CXDI6H3BJ0|Kenneth Gregory|3949 Erickson Plaza, South Mariatown, KY 97682|shire|Illinois|PW|(681)503-1910|2030-12-30
ZN1NQ3UTU7|Ashley Mack||berg|Wisconsin|UA|+1-642-109-5541x14035|2019-04-16
UP6VJ5JLK4|Nicole Sims|95795 Cindy Mills, Lake Justin, FL 55696|port|Nevada|CI|447.680.2584|2017-09-27
CXQ4Z6ZJRS|Zachary Wright|972 Ramirez Corners, South David, OH 91477|side|Indiana|ET|7335896226|2003-05-22
AMQDW8VFPR|Christopher Holland|892 Laura Burgs Suite 142, South Maryville, CA 28975|burgh|Louisiana|MV|8993153200|2014-03-09
073YUFN9YF|Cheyenne Dyer DVM|001 Jackson Corners Apt. 668, Warrenburgh, MO 64529|side|Iowa|BW|029-645-2371x3081|2001-06-28
2G8716VUV3|Alexis Robinson|52154 Reyes Centers, Brewerton, IN 89163|chester|Iowa|RU|(231)762-6025x399|1990-09-08
JFFBQB52L7|Michael Melton Jr.|4985 Teresa Keys Suite 539, Summersshire, SC 80730|haven|Missouri|IT|+1-400-664-2229x773|2019-09-14
VCPV52ZV6O|Theresa Harris|906 David Square Apt. 446, Port Kevinberg, OH 23570|mouth|New Hampshire|TG|808-110-8836x78280|2005-11-26
KK04O5ZIQZ|Ann Lee|132 Bond Rapids, North Walterberg, OK 94453|side|Rhode Island|LI|873.996.7107x909|2021-06-22
3F1Y4LL7KT||757 Amanda Plaza, Andersonshire, WY 33692|mouth|Massachusetts|SI|+1-870-259-7499x8909|2019-05-20
E3WHV298NO|George Baxter|367 Joel Ferry, Porterton, ID 59159|ton|Connecticut|GT|001-864-028-7979|2000-09-11
RJITF9WMM0|Corey Kelly|69661 Harris Brook, East Christopherbury, LA 82886|mouth|Colorado|IN|232.525.2578x417|2027-12-04
42T5QN6EPF|Jennifer Patrick|61122 Clark Islands Apt. 155, Emilyside, TN 72376|furt|Alabama|LC|+1-979-975-5874x07767|2007-09-13
H0L94W195W|Troy Walker|19768 Lyons Throughway, West Anthonyshire, IA 78130|port|North Dakota|CY|786.218.1129|2001-11-13
APMO47WO7X|Christopher Paul|33503 Rodgers Court Suite 063, Brittanychester, WY 70055|view|Wisconsin||504.373.0225x669|2012-04-02
7L39JCDDR5|Thomas Stewart|89192 Johnny Views, Mcdonaldberg, HI 52610|ton|Connecticut|GY|975-810-7483x1974|2024-10-27
4G26U7FR2B|Rebecca Stewart|661 Mora Run, West Scottbury, KS 30748|fort|Illinois|BA|689.965.5190|2018-07-25
X3VMZD5AEC|Ashley Chung|162 Estrada Canyon Suite 925, East Matthew, NM 47021|ville|Michigan|DM|539.572.7725x277|2014-05-22
QGMF04WQPL|Amy Nelson|0015 Leon Port Apt. 182, Leonport, WA 16899|stad|North Dakota|BR|878.125.8258x249|2012-01-09
N8GUH8IWVH|Jason Sanders|38329 Ward Mill Apt. 606, South Christinaville, MS 62742||||029.315.0304x82007|2008-01-10
98EKFXSUPZ|James Lutz|5877 Stephen Wells Apt. 476, Thomasmouth, CO 33326||Kansas|UY|904-539-4548x3694|2012-07-20
RN0UYSTQY9|Carlos Green|0086 Stacey Camp Apt. 760, Davisville, AR 57267|ville|West Virginia|TD|415-405-0811x474|2012-05-03
TW54GPMOJ4|Joshua Horn|383 Hernandez Haven, West Gregoryport, SC 60906|mouth|North Dakota|NI|(164)815-2806x3974|1991-01-03
JHT9OX0DQP|Donald Gonzalez|32366 Jessica Common Apt. 422, Danielshire, VT 80262|side|Nevada|PH|927.202.4032|2024-11-02
194YWTXSSR|Sabrina White|9196 Mike Loop Apt. 958, East Samanthatown, GA 09809|side|Hawaii|MG|123.621.1150x650|2024-02-22
7EMR5HPAUZ|Jeffrey Mckenzie|8320 Danny Plaza, Lake Stacyborough, ND 91438|ville|Texas|CZ|734.777.2152x577|2021-07-18
W22L30KLY9|Lisa Cook|01810 Smith Loaf Apt. 313, West Kennethborough, PA 75426|side|Tennessee|KN|826.836.7050|2020-10-17
642TYLEXMP|Zachary Middleton|876 John Spurs Apt. 900, Steeleborough, AR 22382|fort|Kansas|YE|001-496-298-2819x7743|2001-01-18
UQHS1MO933|Kyle Cooley|0216 Susan Curve Apt. 597, South Benjamin, KS 64986|shire|New Jersey|AL|001-452-453-0420x934|2002-04-11
98CPJWM1YR|Mark Harvey|313 Johnston Villages Apt. 021, Bryanbury, OR 98383|shire|Montana|NL|912-569-0709|2010-04-01
2YTH1FB3EJ|Dorothy Cochran|23155 Martin Land Suite 694, Conniefurt, WI 84234|shire|Maryland|HR|095-695-3368x602|2006-05-09
93VR4QKWBJ|Jason Dunn|06986 Christensen Orchard Apt. 061, Douglasville, KY 55915|mouth|Montana|GD|(685)593-2423x27086|2026-07-17
T60PX2FKEK|Michael Thomas|666 Salazar Village Apt. 021, East Tracy, OR 00628|ton|Alaska|KG|(498)524-5695x3659|2018-12-04
MSYDYB9S8N|Ryan Martin|8622 Christopher Place, Ramirezmouth, OR 08716|side|Pennsylvania|HT|457.262.8401x74067|2019-02-07
1U1OFGAOOA|Cassidy Contreras|136 Martin Manors, Shannonport, MN 98978|fort|Connecticut|GB|001-143-309-7890x0120|1997-01-16
AD0PKQ7HYQ|Matthew Gonzalez|USCGC Greene, FPO AP 12289|borough|Illinois|AD|320.702.2715x7594|1996-07-10
97S7F0GDM9|Lisa Griffith|63094 Brittney Parkway Apt. 890, Lake Jessicamouth, MO 75466|land|Indiana|JM|453.236.6995x9471|1991-01-10
069H1EX2H9|Clinton Drake|776 Snow Forges Apt. 949, West Brittneyshire, WY 68197|shire|Oregon|TH|(623)145-4404|2007-08-13
38IKV2FUU2|Teresa Wallace|3641 John Ville, New Andrea, MD 43883|view|Virginia|BE|(775)625-0991|2010-04-29
OII6I26S9B|Julie Ingram|43306 John Row, Matthewmouth, WA 17683|borough|Alaska|OM|6993886447|2023-04-15
4YVCJO3W5T|Johnny Harris|212 Teresa Camp, New Christian, NY 64346|burgh|Arkansas|TZ|+1-113-332-9444|2028-01-05
MOHWS5LSPK|Monique Stanley||side|Kentucky|ME|755.318.7500x65025|2025-06-03
KJOV5DPD6O|Kevin Meyer|47784 Shea Mill, Port Daniel, MN 82026|fort|Illinois|LC|057.967.7109x3058|1995-04-06
TCLQQR61W6|Emily Kennedy|498 Taylor Village, Lawrenceshire, SC 03689|port|Connecticut|YE|001-009-840-8379|2026-06-12
Y5XTD1FTBC|Patrick Fernandez|7816 Kristopher Terrace Apt. 756, Port Kathleen, PA 73550|stad|Virginia|ZA|7211717491|1992-12-06
M09JVMZ6NE|Christina Jackson|5539 Douglas Avenue Apt. 033, East Amber, CT 34192|burgh|Massachusetts|UG|(329)060-6664|1997-12-06
EOOYTL1ZAT|John Jackson|587 Keith Harbor, North Trevor, ND 93542|ton||SL|5328251408|2022-02-14
ZXK4SV9RZT|Sarah Rivera|33778 Perkins Coves, North Tracey, MI 47888|ville|South Carolina|MC|001-207-105-5436x3190|2025-01-07
2Q68R8ZL5M|Crystal Ward|642 Katie Junction Apt. 602, Brownborough, KY 03183|berg|Delaware|MT|(653)937-8613|2010-07-22
WWVFKOV4US|Tracy Price|482 Guy Flats Apt. 669, Darrenmouth, NH 11351|mouth|Virginia|AO|001-085-572-0287|2015-12-04
5GW0TPT86H|Matthew Wang|13433 Jason Tunnel Suite 970, New Carolyn, NJ 05921|burgh|New Hampshire|DJ|9292838145|2023-08-29
BVFS01UEG7|Richard Marks|1176 Cross Crossing, Meyerfurt, NE 66968|shire|New Jersey|ML|668-993-1137x1032|2008-03-26
NK513XSEZX|Shelly Guerra|518 Dunlap Lodge Apt. 111, Sydneytown, IA 52438|shire|South Carolina|CG|992-852-3740x5285|2013-10-10
RSSMF5M0K2|Danielle Griffin|06325 Scott View, Michaelshire, KS 79994|stad|Montana|KN|001-774-942-7692|1992-04-25
TGYP32OQ9X|Vickie Herring|13656 Brown Prairie, Lindseyhaven, CA 96858|mouth|Ohio|VE|001-279-698-8619x732|1999-07-18
1ILUCPJ6UW|Dr. Marcus Mcknight|77353 Rogers Course, Lake Tami, WA 44930|side|Maryland|BB|001-413-883-5512x958|1990-08-18
8TWVO6JC58|Joshua Johnson|286 Steven Loop, West Markside, WA 69766|haven|Florida|RU|553.698.8385x8768|2029-02-10
X3GQ4HC3RR|Taylor Thompson|01073 Stanley Isle Suite 150, Shelleytown, IA 96724|mouth|Arizona|ER|343.726.3813x606|2028-05-18
WEUKVVBL5J|Amy Franco|59151 Schneider Way Apt. 928, Shannonstad, WA 36250|ville|North Carolina|US|(819)769-8691x190|1992-02-04
40KQPBFKHH|Jordan Lambert|135 Kerr Flats, Perezton, NJ 94221|shire|Iowa|RU|+1-362-225-8513x732|2004-11-29
JZFWB9BVQL|Lindsey Johnson|8280 Wolf Drive, South Terrimouth, OH 61850|fort|Michigan|JM|(969)610-7523|2011-11-10
Z6XQG8EIMN|Matthew Ho|980 Kathy Manors, North Joshuaport, LA 92622|chester|Nebraska|SR|5746599141|2030-06-11
NIRGQSEMWB|Kelly Hamilton||furt|Nebraska|AF|(646)838-3252x832|1996-03-13
R78ZX4WAKG|Dustin Winters|Unit 9514 Box 0781, DPO AP 72501|shire|Nevada|KR|(815)467-7924x73093|1995-09-09
8ALXVUGXCI|Christine Barr|1399 Aaron Pike, Chapmanview, CT 04011|town|Alaska|IS|001-310-931-3576|2027-08-11
4SNZ3QKZOW|Michelle Avila|54869 Luis Cape Apt. 638, Port Angelicahaven, NC 14094|ville|Maryland|SG|001-085-163-7942x53554|1993-03-11
0POUT77EWE|Lisa Walton DVM|62154 Cassandra Ville Suite 047, Lake Cassandrabury, NV 95890||Tennessee|TO|632-131-1756x1823|2007-05-28
F2RF0194ZL||9691 Lee Meadows, Crosstown, WV 93260|town|Vermont|SZ|+1-255-590-4691x82513|2016-06-16
J94PVWP3VF|Amanda Parker|420 Adam Neck, Elizabethberg, HI 94384|mouth|Ohio|JP|106.330.6308x0851|1996-06-10
TPRIPUIBT8|Terry Finley|8195 Megan Plain, Port Jenniferfurt, PA 80965|fort|Delaware|KP|+1-182-388-8828x4617|1998-04-23
JNEAOCQAW8|Joshua Sanchez|455 Maria Cape, Port Allison, DC 03003|chester|Massachusetts|ZM|541.481.1487x570|2004-03-05
AE8D2U3I6N|Ashley Parrish|786 Flores Flat, Port Tracy, OH 35164|burgh|Ohio|NI|(035)059-5407|2005-04-24
NNP7R4VB3W|Kevin Barnett|26923 Jerry Loop, North Ronald, AK 11690|bury|Wisconsin|IE|+1-079-249-1053x21627|2021-10-28
XIQA7VKRUH|Billy Ellis|342 Chambers Oval, New Cynthia, HI 08298|stad|Oregon|AU|0776390968|2001-10-13
CVNN46HOIV|Alan Henry|273 Eric Mountains, North Stacy, OR 33281|port|West Virginia|IT|8894022565|2030-10-10
LM4GOLLN0Z|Martin Huber|2146 Turner Stravenue, South William, LA 59191|furt|Nebraska|GW|(191)163-8310|1991-01-13
PXB57N6XKZ|William Jones|04913 Danny Mission Apt. 587, Lake Rebeccaport, ND 22728|chester|Arizona|YE|(938)841-0889x431|2013-06-30
R2TZIN0LXD|Steven Roberts|USS Phelps, FPO AA 21381|ville|Kansas||273.528.1313x9867|2011-08-03
ZX2MGRGO4T|Misty Lewis|336 Jessica Pines Suite 551, New Eddiestad, MN 22603|shire|Colorado|SE|6656672397|2030-08-26
3RAUZWH95E|Steven Quinn|104 James Course, Terryview, MI 05064|chester|Illinois|RW|185-146-3581|2029-10-29
TERLEEYRSV|Mark Garcia|742 Sarah Island, Simpsonton, MI 46389|borough|New York|VU|817.410.7913|2030-04-15
M5L056LDS9|Marcia Cline|63814 Dalton Shoal Apt. 839, East Jessica, TN 78091|haven|Missouri|BR|+1-255-130-0182x21218|2024-05-05
UIFMYX3NGU|Laura Simmons|0112 Cameron Pine, Powersberg, KY 64731|berg||IR|(982)889-8502|2007-08-15
NRFUXNCXQH|Donna Davis|27901 Stephen Corner, West Carriestad, RI 05816|mouth|Arizona|NI|(008)375-4135|1992-08-23
CZV4X4OFA7|Veronica House|USNS Nelson, FPO AP 29484|port|New Jersey|BF|001-515-260-0674|1993-06-07
V759471R5S|Steven Ford|Unit 1772 Box 6324, DPO AP 61361|view|Kentucky||(342)779-1685x4402|1991-08-28
KDJS0JC642||97295 Alvarez Stravenue Suite 147, Davistown, WA 36979|town|Maine|KG|+1-641-019-2565x1068|2026-02-01
ICJATQTFH4|Matthew Olson|14754 Jackson Lakes, Angelafurt, NV 30188|town|Oklahoma|TT|+1-953-353-6790x5505|2022-07-29
8EC1JBZND3|Brittney Flores|1158 Jennifer Burg, Leahton, TX 95118|chester|Alabama|HU|001-766-918-2567x306|2024-11-03
X2D4I6DQFH|Matthew Stanley|193 Brandon Ville Suite 712, Bradshawfurt, HI 48098|mouth|Tennessee|VC|7231276292|2020-11-19
5TXVO543T4|Matthew Jefferson|41538 Santos Knolls Apt. 818, Leechester, MN 72729|land|Wisconsin|PA|537.836.9259x39054|2013-11-23
2QRIYZZCTY|Kelsey Mullen|USCGC Alvarez, FPO AA 97871|haven|Wyoming|MN|509-068-0473x05188|2013-08-05
UW65PI2U3X|Jennifer Stewart|18998 Christopher Glen Apt. 481, Jennifertown, AL 62601|mouth|Wyoming|AR|779.280.3038x41446|2006-06-02
7M5MOCYAHG|Sarah Parker|2772 Jessica Gardens Suite 929, Lake Katieton, SD 83082|borough|Utah|SD|(753)013-2969x9179|2003-01-12
6U0P20O5TD|Meredith Contreras|865 Timothy Drive, South Lauren, NJ 11185|mouth|Idaho|CA|257.583.2236x18137|2004-05-27
QV50OB6CRC|Sheila Ortiz|664 Timothy Branch Suite 139, Bondland, NY 54265|mouth|South Carolina|TW|588.050.1246|2028-01-27
Q7RI6UTEJG|Elizabeth James|59893 Steven Summit, Roytown, IL 57659|fort|Texas|GW|(986)973-0163|2016-10-26
5GZ3LRH2OA|Cindy Nunez|86420 York Hills, Fieldschester, NE 46673|shire|New Jersey|VA|(735)292-4917x969|2029-05-10
56G2W0W4O9|Destiny Ramirez|PSC 5106, Box 7654, APO AE 31887|ton|Florida|BS|284.144.4410x9350|2020-12-25
3EHQWK1X3V|William Berry|808 Reyes Terrace, Jennifertown, SC 92364|furt|South Carolina|BI|(343)823-1352x2581|1994-02-05
AHVM4T6R3S|Jessica Marshall|5459 Martin Hollow, Lake Rebeccaburgh, IA 45971|stad|Iowa|NR|928.364.6423x2192|2021-07-04
659H2364WY|Tammie Brock|1713 Sabrina Pass, Christopherborough, AK 08844|port|South Dakota|JP|704-732-2578x0327|2003-04-29
88VO47DSFM|Connor Garcia|9345 Ryan Orchard, East Molly, CA 67982|mouth|Florida|IQ|001-742-667-8290|1996-10-21
NBO9WV2EN0|Jordan Curtis|78644 Rose Shores, Sullivantown, VT 37042|shire|Arizona|VA|001-099-179-7256x57308|2025-05-04
U2C2U73BNP|Blake Krause|6067 Pratt Roads Suite 821, Jesusmouth, AZ 73295|land|Wisconsin|VU|+1-791-836-6260|1999-12-27
LDQ7BQUCGB|Brandi Brooks|897 Walker Fork, North Jennifer, ND 88725|town|California|AE|+1-171-805-7248x045|2006-09-23
85GA5YT3OS|Laura Rich|67466 Becker View, Port Craigville, VA 74744|ville|Nebraska|MH|+1-058-186-6267x557|2001-01-15
M2LV811MKI|Pamela Nelson|087 Mcdowell Creek Suite 302, North Cheryl, DC 10887|port|Oklahoma|IR|6081678751|1991-09-03
317XAXZRJY|Timothy Miller||haven|Ohio|IL|+1-693-038-6669x257|2019-12-06
CTDN67XU68|Donna Reynolds DDS|21632 Patricia Ferry Suite 751, Raymouth, AR 61744|borough|Oregon|CF|001-114-069-5871x7496|2009-01-18
CLEOSC4QKY|Victoria Williams|258 Zuniga Estate Apt. 034, Lake Matthewberg, NE 73302|ton|North Carolina|AE|+1-638-998-1954x2569|2004-03-22
7VOOJ3OAW8|Bonnie Logan|56718 Cheryl Estate, Mccarthyton, MD 17881|furt|Alabama|NR|001-588-772-8907x3061|2007-09-08
MB1EUQCUCG|William Lester|69546 Lisa Islands, South Mandy, MN 04397|ville|Pennsylvania|IE|(663)412-0038x71020|2022-08-26
1QVW98JXKD|Aaron Robinson|132 Michael Mountain Suite 518, North Sherylton, NJ 50349|mouth|Vermont|TR|432.488.3438x19525|2025-09-21
VEP36IO1D5|Peggy Barnes|63662 Richmond Inlet, Jonesland, MO 42057|town|Georgia|NO|452.047.7533|2020-08-25
THEHUHQNYA|Jim Mitchell|42886 Audrey View Suite 480, North Michaelton, CA 75715|shire|Florida|VU|929.817.3292x1759|1991-03-29
BK7AUV6A3U|Charlotte Schmidt|PSC 6450, Box 3994, APO AE 58303|town|Virginia|CF|173-431-8063|2021-11-29
3UG313IMTQ|Tara Tran|PSC 3502, Box 5825, APO AP 04169|berg|Mississippi|CZ|+1-836-551-8913x3030|2018-08-11
TF5MQ8GHTP|Tina Santos|21193 Dustin Garden, Juliechester, NJ 95215|mouth|Texas|BN|6562809090|2014-12-15
XBWTSUIHML|Meghan French|40039 Bullock Parkway Apt. 371, Wilsonfort, FL 10762|fort|Wisconsin|MK|628-704-9667x980|2028-06-29
0WZF6YQGUY|Mr. Chris Miller MD|0508 Michael Club, North Michaelview, MD 57803|burgh|Wisconsin|GN|001-410-628-4365x6550|1994-06-18
2IULF05N63|Mary Calderon|7370 Summers Trace, Douglasmouth, MA 37155|chester|Mississippi|SE|(750)249-8626x1381|2022-05-13
Q3MSL6SJUV|Jared Patterson|PSC 0699, Box 9792, APO AP 62697|chester|Wyoming|IL|001-821-154-1681x111|2015-03-07
V1G24L8AT2||3320 Black Field Suite 161, West Jodi, AL 06078|port|Maryland|UZ|001-931-413-4638x911|2012-08-05
118KCZTGM4|Travis Baker|891 Nielsen Isle, Allisonton, WI 31612|side|Georgia|KW|+1-727-070-4266x183|1990-01-28
6FGQIEG93E|Holly Robinson|23748 Ortiz Common, Tateside, CO 06942|shire|Missouri|IR|(031)890-4033x40176|2018-09-20
V0TBKW9OMA|Alexander Bernard|1834 David Field Suite 606, Garymouth, NV 95339|ville|Utah|UY|(159)497-0114x9218|1996-03-06
RPQJECCUXC|Ellen Johnson|USNS Hansen, FPO AP 42300||New Hampshire|SK|+1-702-909-2978x236|2007-12-11
CUMZRSESAY|Amanda Lopez|78302 Alexis Lakes Suite 878, South Monicafurt, SD 27685|port|Mississippi|PE|872.901.2888x910|2029-04-11
C5IK416DNF|Carla Ibarra|PSC 5568, Box 9969, APO AP 66396|ville|Colorado|LR|001-838-247-8935|2003-12-10
ODN7K65UQG|Mary Santana|8315 Amanda Shores, Lake Desireeberg, UT 17800|mouth|Louisiana|GW|+1-089-029-4185x975|2010-11-25
1R0Z5Q6TQ9|Melissa Bartlett|20694 Dwayne Points Suite 504, South Lisa, IA 82778|mouth||MT|001-182-428-4182|2019-11-10
M1B7FAOEWL|Troy Diaz|77514 Rachel Views, Wardport, MD 82112|furt|Michigan|DK|(622)025-5221x085|2002-05-07
QR4EWVILLL|Christine Friedman|401 Natalie Mountain, New Kevinland, MD 20773|bury|Connecticut|SO|(276)031-2296|2024-05-07
8G93YSCXEC|Crystal Simpson|920 Campbell Center, Millerstad, CA 61342|town|Wyoming|LA|+1-243-572-7835x58109|2017-06-22
NDE1I09H0N|Evelyn Elliott|496 Hays Valley, Lake Edward, OK 78565|furt|Oregon|TH|(558)603-3308|2000-12-06
O9AEKKUK9P|Alejandra Little|124 Owens Landing, Wheelerfurt, MO 57206|mouth|Illinois|TG|(820)988-8995x83517|2026-01-16
WM09LA87DR|Stephanie Hampton|5103 Julia Crescent Suite 498, Samuelberg, MD 41482|haven|Massachusetts|ME|952.469.7058|2017-08-26
GO91V8TWWZ|Vanessa Gray|39534 Perry Point Suite 860, Lake Tina, NE 13560|mouth||NZ|(520)718-8879|2001-11-09
CNFYUW40XK|Craig Walton|8454 Walsh Spur Suite 171, Gregoryport, WV 99381|view|Iowa|NA|001-335-502-8468|1998-03-07
4VMDMYR9QQ|Alexandra Schultz|195 Long Bypass, Port Amy, NV 81387|stad|South Dakota|SZ|883-969-7367x6677|2023-03-31
71UK18NJP6|Michael Williams|39547 Richard Dam, Frazierville, MT 64200|berg|Arkansas|MD|543-393-5441x738|2020-10-03
YVWMF266F3|Matthew Alvarado|7459 Jackson Port Suite 069, North Andrewville, VA 89687|ton|Vermont|MX|886.594.6413x3967|2014-07-17
Y9V0C4WH78|Deanna Fuller|5125 Garcia Grove, Philipshire, WA 36390|view|Iowa|JP|+1-731-267-0798x14741|2026-07-25
JCHQZW7HY4|Elizabeth Grimes|4439 Jones Causeway, Zamorastad, VT 79659|mouth|Idaho|IN|(070)794-4213x1045|2011-04-06
6F6ECJ6ZGJ|Stephen Khan|53108 Kristen Isle Suite 212, Whitechester, UT 35513|mouth|Michigan|KH|311.856.1280|2000-06-08
TKI5O9JP2E|Daniel Jacobs|55932 Richards Estate Suite 548, South Beth, NE 67822|side|Michigan|BY|045-295-2162|2001-04-04
FZMP5LP0MC|Bradley Graham|2790 Chen Lodge Suite 792, North Lauriebury, DC 77927|side|Massachusetts|SE|(409)428-0032|1998-02-19
YY76ZX63U2|Eugene Miller|4021 Jerome Trail, Lake Richard, KY 33716|mouth|Iowa|SO|515-236-2715x790|2026-11-24
6VLCBFL8Z6|Christian Lopez||mouth|North Carolina|ID|125-161-4138x17595|2006-10-24
AKJP4E4CKN|Hayley Sellers|20471 Jessica Cliffs Suite 277, Lake Jake, VT 31672|haven|Tennessee|BI|399.154.4560x42725|2013-07-26
OAX3FV3PWN|Erica Rodriguez|47130 John Club, Maychester, NM 79184|berg|Arkansas|JO|(011)122-2844x1260|1995-01-12
9A2NNMSGBM|Rebecca Chen|64420 Smith Heights, West Joshuaport, CO 86728|ville|Illinois|AR|880.903.0116|2028-01-25
RJ6BTNUZ13|Jermaine Turner|Unit 7113 Box 1575, DPO AA 15948|furt|Wisconsin|LI|531-960-9456|2022-02-03
LI1ZAPDF3T|Ann Woods|82194 Morris Ramp Apt. 622, Port Ashley, CO 41327|shire|Illinois|BN|(500)292-8540x610|2001-05-17
HT09I4UB9B|Cynthia Hernandez|79512 Hayes Gardens, Lewisside, ND 69569|town|Georgia|MR|+1-150-461-5750x77354|2003-10-31
31PCBM071T|April Bauer DVM|76728 Tina Shoals Apt. 593, Kellertown, MD 36763|ton|Utah|KE|0033831167|2025-12-10
O2QSEVDKIC|Samantha Anderson|424 Daniel Row Suite 850, Paulburgh, ME 24916|burgh|Maryland|CH|352-886-6059x8749|2027-04-12
TLA8LM6C19|Renee Macias|12975 Benjamin Greens Apt. 852, New Douglasfurt, VA 24537|side|Wyoming|TD|+1-605-929-4600x8592|2029-07-26
LNMCRLXKG0|Jade Cisneros|844 Tina Shores Suite 403, Port Richardview, VT 58367|ville|Missouri|LK|997-423-4967|2018-02-05
G2THXTX57Z|David Hall|11974 Chan Hill Suite 855, Lake Sherryfurt, MI 71758|burgh|North Dakota|KI|+1-822-649-9436x11810|2011-05-31
K8QDM6YZG2|Amy Bailey|80833 Shaw Square Suite 209, West Michaelton, IA 29029|mouth|North Dakota|UZ|0543051252|2010-07-23
QEBNIOXN90|Vicki Peters|494 Nicole Ports Suite 038, Lake Megan, AK 33767|borough|Tennessee|BD|575.330.7407x7734|2015-03-18
VSHGXIRNQD|Lori Patrick|6198 Richard Circle Suite 355, Port Jonathan, NE 65975|berg|Vermont|SC|6620652031|2012-04-19
M1BWI97C7I|Danny Underwood|68645 Andrews Park Apt. 012, West Melissaburgh, CA 67851|mouth|Mississippi|LY|794.456.9845x4866|2006-06-02
IBWGFZZMLP|Alexis Boyd|960 Fitzgerald Brook, Reevesmouth, IN 15852|borough|Colorado|FR|(918)505-0646x048|2014-01-11
2FL5QM6MP9|Stephanie Adkins|Unit 2483 Box 8823, DPO AA 35383|side|Tennessee|VA|001-975-234-4890|2008-12-08
EDHQ6UWA5L|Claire Martin|05267 Vincent Lake Apt. 164, Weeksside, NE 91287|view|Louisiana|PS|684.057.3397x71402|2019-08-10
5U083KTXD9|Laura Cruz|0575 Lisa Trail, Nelsonside, MD 23997|port|Michigan|LS|(881)272-0827x26486|1991-07-24
6UHFSNL22F|Melinda Jimenez||stad|Ohio|AU|+1-800-029-3320|2007-06-10
NWR29V1IBX|Thomas Oconnell|289 Jeffrey Rapid, East Ryanport, AL 97919|mouth|Rhode Island|NZ|425-164-9052|2014-12-21
TY8IWDIL5K|Mary Miller|419 Anthony River, New Jasonton, AL 37133|view|Indiana|BT|001-913-118-9575x8199|2013-04-14
YRE94KTNOG|Linda Torres|837 Rachael Valley Apt. 671, Lake Annetteburgh, WY 83244|port|Kansas|VN|158-760-0476x49281|2026-07-23
RU7JGE2SV3|James Jackson|9455 Chambers Ports, Robinsonhaven, RI 92675|shire|Alabama|FJ|863.912.4380x8927|2012-11-21
NKYGLYPMQ8|Beverly King|58282 Peter Stravenue, Port Phyllis, NH 86590|ton|Michigan|GM|4226878869|2000-05-30
10QG2CYPSV|Maxwell Ramos|USCGC Bates, FPO AP 00605|land|Alaska|UG|949-136-4511x1293|1999-06-08
EK14KLEX89|Nicole Kim|5984 Santiago Keys, Jonathanchester, NE 84569|port|Wyoming|BW|(275)843-6750|2001-03-25
1CJ6HFOCTV|Scott Diaz||town|California|PW|001-745-048-2454x929|2021-02-03
FSD1CJST2N|Melissa Norton|081 Parker Parks, South Timothy, IL 56234|fort|Maryland||+1-136-432-2341x946|1991-02-25
DSF4YNU4CC|Kristen Lara|4035 Joyce Park Suite 914, New Tannershire, FL 48585|bury|Maine|NZ|254-798-9322x3680|2027-01-07
NLZZLDHT7B|Nicole Cabrera||mouth|Oklahoma|HN|(080)037-9975|1990-01-23
6EW3R1G090|Nicholas Mason|86684 William Flats, Jodibury, WY 37121|ton|Kentucky|PW|2494824737|1999-07-07
Y0IRK8KJLE|Karla Parker|5463 Kelli Groves, Stephenbury, WV 75899|bury|Ohio|TL|(455)108-1000|2018-04-23
N2WNR6TTZF|Michelle Murphy|1370 Danielle Parks, Wilcoxland, DC 36697|port|Colorado|IQ|826.613.1111|2014-12-06
L3K561GTOA|Scott Torres|USCGC Hawkins, FPO AA 91356|chester|Tennessee|KP|001-764-256-2963x169|2007-08-20
2KI6FOIQLU|Alan Webb|886 Rose Fork Apt. 156, West Tina, AZ 15850|mouth|Wyoming|JP|470.296.7486x9419|2027-03-13
G9FSC3UJF4|Melissa Pineda|08896 Christian Meadow Suite 330, Port Phillip, NM 98146|mouth|Oregon|MY|001-459-325-6178x547|2030-08-22
7J0TK21TOC|Kelly Clark|541 Harris Island, Christinaport, FL 63535|town|North Carolina|TG|(714)716-2093|1992-06-29
G33E0FKOJA|Tammy Kim||view|Missouri|DZ|9546855596|2026-05-12
YBM97IT586|Karl Hayes|41813 John Parkways, Floresmouth, TX 80774|stad|Massachusetts|PS|(546)910-8608x013|2002-01-31
UV01W4Y2TO|Nicholas Mckinney|841 Hebert Creek, New Virginiaberg, TN 18917|port|Arkansas|PT|+1-642-416-4475|2028-04-10
4BYW8B2X7K|Jason Peterson|0046 Nash Landing, North Caitlinstad, SD 04739|town|Oklahoma|IR|605-184-0524x365|1996-06-05
VWIFGRE349|Stephanie Garcia|USNV Brown, FPO AE 92445|land|North Carolina|MM|134.815.9552x48940|2013-11-21
B5AEAO6QUM|Arthur Pena|71086 Jackson Hill Apt. 649, Lake Donald, RI 77347|town|Nevada|SE|(497)696-6340x850|2008-01-25
IYTUI4YZJP|Kimberly Mcclain|032 Hogan Spurs, Angieview, ND 68250|town|North Carolina|BI|+1-536-528-8602x7918|1990-03-26
HRPTUXYS2N|Cheyenne Garcia|0431 Kristin Plains, Justinborough, NV 79173|port|Texas|NR|844-540-1469|2005-04-03
M13C5HQ6SV|Bruce Hamilton|363 Cross Courts Apt. 274, Lake Sandrastad, DE 29365|view|Texas|BE|001-066-512-3602x517|2006-08-30
EOSG0ZREC6|Steven Larson|0761 Douglas Villages, Richardside, FL 97508|fort|Nevada|SC|431-136-4035|2001-05-09
1G3UHAPFW9|Kimberly Lawson|USCGC Wright, FPO AP 54080|shire|Illinois|VN|(810)865-3352|2019-10-03
XOT7HPXEZO||Unit 7972 Box 0963, DPO AA 34910|mouth|Minnesota|ZW|384.919.4783|2016-07-12
WIK7TSJKBN|Brandon Cobb|246 Maureen Rapids Suite 070, Port Caitlin, MO 74513|bury|Hawaii|KP|303.859.4129|2025-10-11
TTPHAF5BEZ|Michael Flores Jr.|92796 Perry Well, East Danielhaven, OR 01788|shire|South Carolina|SI|(092)361-8456x174|2016-01-27
1ZTDJRI3VE|Joshua Wood|2421 Tyler Forges Apt. 215, Lake Mitchellland, NC 41103|view|Missouri|NP|(381)888-1001x365|2004-12-31
FNPTPFZLRN|Kevin Clark|68938 Rebecca Isle, South Ronaldburgh, NC 19837|ville|Colorado|KW|4450213949|2026-01-01
AO4Z8XU924|Kenneth Marks|13518 Douglas Street Apt. 123, Rojasland, AZ 02992|haven|Arkansas|SZ|580.311.7898|2000-11-27
FES4E1ZUGZ|Angel Smith||furt|Illinois|SB|0094242397|2025-01-08
TCUV1Y5VRF|Ryan Miller|80597 Courtney Prairie Apt. 097, Lake Megan, DC 72001|ton|Washington||001-452-325-2225x05969|2004-06-21
JASXC3XRM2|Samantha Fields|730 William Island, Tonyfurt, TN 75069|furt|South Carolina|GB|001-491-069-5394x125|2026-08-04
U2200RP23O|Oscar Brown|93736 Alexander Shoal, Josephland, RI 30690|furt|Alaska|EG|+1-742-097-2168x867|1992-06-07
6E6ED9X0RO|Thomas Marshall|692 Troy Shores, Lake Nicholasville, KS 81372|mouth|West Virginia|SO|(367)117-9785|1995-10-04
LF0FIISM2K|Stacy Strong|7252 Klein Ramp Apt. 475, Lake Ryanland, GA 69793|burgh|Missouri|HT|444.376.9374x8474|2026-10-20
XE29V6L42X|Katrina Buck|042 Amanda Rapid, Kristinemouth, NV 19692|mouth|New Mexico|CZ|+1-392-964-8065x20122|2013-11-19
B084KE8ZPL|Michael Johnson|446 Jacob Glens Suite 151, Brittneyland, WI 70121|fort|Connecticut|VN|+1-895-832-5570x16471|1995-06-09
NP8RIF68NO|Laurie Miller|Unit 6860 Box 8645, DPO AP 79926|burgh||MM|903.952.7677x621|2014-03-10
GN9ZQBSS45|Phillip Shelton|73051 Scott Trafficway, Lake Elizabethview, KY 14678||Maryland|BT|(440)168-6860x259|1998-06-19
8P5R17BIJ6|Joshua Davis|90221 Christina Parks Suite 737, Port Lindsey, MT 83874|town|Florida|SE|304-293-8735x4130|2027-03-02
D2JTWHB10S|Carol Hughes|06134 Hill Fields Apt. 862, East Aaronfort, PA 74630|ville|Mississippi|IQ|001-762-245-8737|2017-01-01
A8DFCV9KFC|Chelsea Carlson|USNS Gomez, FPO AA 72129|shire|Maryland|PY|(946)797-2659|2013-05-12
B4AXGNIN85|Joshua Harrison|435 Steven Crest, New Mark, RI 30831||West Virginia|KZ|372.890.5034|2000-02-25
BJ636KAPV6|Patricia Moore|3640 Alicia Ramp Apt. 814, Cantrellstad, SC 51345|burgh|Alaska|SR|+1-927-550-9659|2028-02-21
UJA501MIGV|Alexis Espinoza||furt|Arizona|PK|+1-971-230-1506x8571|2017-10-21
M0XNZQI4XD|Joseph Ramirez|9660 Sandra Roads Suite 099, East Catherine, OR 67083|shire|West Virginia|MN|974.548.4423x397|2028-06-25
ON4D8KLOY2|Jaime Chavez|745 Nichols Hill Suite 035, Port Markview, LA 35010|burgh|Arizona|SO|793-531-8881x1072|1990-03-23
LKANFR3VSM|Dalton Perry|0406 Khan Islands, New Edgarmouth, VT 50600|ton|South Carolina|BW|322-780-2810|1995-07-18
3L6S1DAA4D|Ashley Jennings|1119 Amber Center, Lake Edwardfort, AK 18068|fort|Minnesota|TO|403-587-7508|2019-12-06
NJ3P24BIY0|Gary Mcgrath|386 Jordan Unions Suite 191, Joshuabury, AR 95847|land|Kansas|DE|958.067.1972x20871|2005-08-24
TK8GV44NII|Richard Hill|7391 Boyle Burg Suite 672, Danielhaven, MN 87777|borough|Alabama|TD|908.659.0854x24739|2015-10-13
OTGVHUAFE1|Garrett Pitts|061 Daniel Parks, Fieldschester, VT 08388|view|North Dakota|AR|874-205-9116|2017-01-20
LAB0GTGM3B|Michelle Martin|2613 Hendricks Prairie, Stevenport, IN 45488|bury|Montana|TJ|001-120-509-7308|2004-11-21
FXPB53BEFQ|Robert Nichols|2709 David Brook, New Michele, AR 52077|ton|Kentucky|MV|(632)323-8469x7984|2022-05-27
ONVCZU90JQ|Richard Williams|92794 Lowery Cape, Lake Charles, ID 81975|stad|Rhode Island|EE|(569)064-1350|2030-11-15
OP4436K6TO|Tiffany Thomas|410 William Inlet, Joneston, NE 38888|shire|Louisiana|AT|(719)665-5636x2364|2028-12-19
Y0RXG2NZXT|Brianna Chapman|310 Hicks River Suite 756, Gregorystad, AZ 13376|ville|Mississippi|AR|934.378.8744x34434|2013-08-26
L4FSUGJAFV|Kelly Scott|96251 Combs Junction Apt. 346, South Christopher, ME 56877|side|Utah|SL|+1-398-533-6154x603|2030-09-25
WQYAGVS2GE|Ashley Simmons|74597 Rodriguez Field, Victoriaberg, DE 38097|town|Kentucky||220-211-2611|1997-12-18
7B7FV5Y85Z|Joy Kennedy|33128 West Mountain, Greenberg, OH 94873|land|Connecticut|CA|(713)601-3584x4632|2001-01-11
86Q9VRMXTW|Elizabeth White|399 Richard Lake Suite 572, South Erinbury, MO 62871|mouth|Connecticut|VC|212-895-7787x7668|1995-03-09
FEO6BU0B0L|Sergio Hughes|6901 Anthony Radial Suite 075, Port James, VT 11796|shire|Arizona|BS|792-852-9100x847|2026-06-21
T6C2YMI0J5|Ian Bartlett|USNV Nelson, FPO AP 99869|fort|Illinois|UG|(524)744-6851x43085|2021-07-29
PO949ZE5YD|Tina Harris|2840 Ross Shoals Suite 031, West Anthonyton, VT 33717|town|Michigan|NG|063-608-8436|2021-05-30
KV58OPLD0A|Bradley Marshall|Unit 1053 Box 4151, DPO AP 28657|view|New Jersey|SN|187-080-7222x46295|2003-09-12
HVD5A4HPY5|Connor Flores|PSC 0425, Box 2434, APO AP 72941|borough|Tennessee|TJ|(479)605-8786x808|2027-01-11
MDWRSQQ3T4|James Knight|7527 Kimberly Road Apt. 998, West Michaelport, NV 47947|ton|Utah|ME|5692580265|2023-05-06
4WXPWCVXJ6|Rachel Osborn|15156 Johnson Crest Apt. 856, Robinsonview, VT 99267|fort|Maine||+1-942-852-8955x059|2016-08-23
3CR0Q48HQZ|Brianna Watson|7013 Cody Cliff, Montoyaland, OH 78093|view|Louisiana|AG|753.018.4123x9173|1990-01-19
FLISO2RJS0|Matthew Greene|613 Brenda Mount Apt. 130, Cherylburgh, MS 86730|ville|Maine|SR|+1-791-874-8122x184|1993-01-30
4Y8AVLL38V|Carrie Munoz|2569 Austin Fields, Jenniferton, MT 20509|ville|Delaware|RW|+1-617-525-2983|2016-05-12
BLR7SP4YPA|Patricia White|USNV Clark, FPO AA 97324|view|Idaho|AR|068-537-4992x79151|2016-09-15
JIRP6FABKR|Denise Brown|072 Lisa Tunnel Apt. 151, South Kevin, WY 18207|haven|Kansas|SG|001-351-114-2466x39524|2028-11-11
LUG1CABN8Q|James Young|69995 Sawyer Mews, South Theresahaven, OR 41176|town|Louisiana|PE|(058)896-9460|2003-10-26
